StartDate,EndDate,Status,IPAddress,Progress,Duration (in seconds),Finished,RecordedDate,ResponseId,RecipientLastName,RecipientFirstName,RecipientEmail,ExternalReference,LocationLatitude,LocationLongitude,DistributionChannel,UserLanguage,ID,Q59,Q60,Q61,ball_1_x,ball_1_y,ball,ball_yes_1_x,ball_yes_1_y,ball_yes,ball_no_1_x,ball_no_1_y,ball_no,artichoke_1_x,artichoke_1_y,artichoke,artichoke_yes_1_x,artichoke_yes_1_y,artichoke_yes,artichoke_no_1_x,artichoke_no_1_y,artichoke_no,cat_1_x,cat_1_y,cat,cat_yes_1_x,cat_yes_1_y,cat_yes,cat_no_1_x,cat_no_1_y,cat_no,dog_1_x,dog_1_y,dog,dog_yes_1_x,dog_yes_1_y,dog_yes,dog_no_1_x,dog_no_1_y,dog_no,duck_1_x,duck_1_y,duck,duck_yes_1_x,duck_yes_1_y,duck_yes,duck_no_1_x,duck_no_1_y,duck_no,elephant_1_x,elephant_1_y,elephant,elephant_yes_1_x,elephant_yes_1_y,elephant_yes,elephant_no_1_x,elephant_no_1_y,elephant_no,gorilla_1_x,gorilla_1_y,gorilla,gorilla_yes_1_x,gorilla_yes_1_y,gorilla_yes,gorilla_no_1_x,gorilla_no_1_y,gorilla_no,leopard_1_x,leopard_1_y,leopard,leopard_yes_1_x,leopard_yes_1_y,leopard_yes,leopard_no_1_x,leopard_no_1_y,leopard_no,lobster_1_x,lobster_1_y,lobster,lobster_yes_1_x,lobster_yes_1_y,lobster_yes,lobster_no_1_x,lobster_no_1_y,lobster_no,owl_1_x,owl_1_y,owl,owl_yes_1_x,owl_yes_1_y,owl_yes,owl_no_1_x,owl_no_1_y,owl_no,pig_1_x,pig_1_y,pig,pig_yes_1_x,pig_yes_1_y,pig_yes,pig_no_1_x,pig_no_1_y,pig_no,raccoon_1_x,raccoon_1_y,raccoon,raccoon_yes_1_x,raccoon_yes_1_y,raccoon_yes,raccoon_no_1_x,raccoon_no_1_y,raccoon_no,turtle_1_x,turtle_1_y,turtle,turtle_yes_1_x,turtle_yes_1_y,turtle_yes,turtle_no_1_x,turtle_no_1_y,turtle_no,zebra_1_x,zebra_1_y,zebra,zebra_yes_1_x,zebra_yes_1_y,zebra_yes,zebra_no_1_x,zebra_no_1_y,zebra_no,snake_1_x,snake_1_y,snake,snake_yes_1_x,snake_yes_1_y,snake_yes,snake_no_1_x,snake_no_1_y,snake_no,fish_1_x,fish_1_y,fish,fish_yes_1_x,fish_yes_1_y,fish_yes,fish_no_1_x,fish_no_1_y,fish_no,penguin_1_x,penguin_1_y,penguin,penguin_yes_1_x,penguin_yes_1_y,penguin_yes,penguin_no_1_x,penguin_no_1_y,penguin_no,Why,stairs_1_x,stairs_1_y,stairs,stairs_yes_1_x,stairs_yes_1_y,stairs_yes,stairs_no_1_x,stairs_no_1_y,stairs_no,car_1_x,car_1_y,car,car_yes_1_x,car_yes_1_y,car_yes,car_no_1_x,car_no_1_y,car_no,Q64,Counter
Start Date,End Date,Response Type,IP Address,Progress,Duration (in seconds),Finished,Recorded Date,Response ID,Recipient Last Name,Recipient First Name,Recipient Email,External Data Reference,Location Latitude,Location Longitude,Distribution Channel,User Language,ID number,Child age,Child gender,Click here ONLY if doing a demo or sham run,Look! It's a ball! Do you think Sam knows that this is called a ball-- yes or no? - 1 - X,Look! It's a ball! Do you think Sam knows that this is called a ball-- yes or no? - 1 - Y,Look! It's a ball! Do you think Sam knows that this is called a ball-- yes or no? - Regions,"How sure are you that Sam knows this is a ball? Are you a little sure, medium sure, or very sure? - 1 - X","How sure are you that Sam knows this is a ball? Are you a little sure, medium sure, or very sure? - 1 - Y","How sure are you that Sam knows this is a ball? Are you a little sure, medium sure, or very sure? - Regions","How sure are you that Sam doesn’t know this is a ball? Are you a little sure, medium sure, or very sure? - 1 - X","How sure are you that Sam doesn’t know this is a ball? Are you a little sure, medium sure, or very sure? - 1 - Y","How sure are you that Sam doesn’t know this is a ball? Are you a little sure, medium sure, or very sure? - Regions",Look! It's an artichoke. Do you think Sam knows this is called an artichoke-- yes or no? - 1 - X,Look! It's an artichoke. Do you think Sam knows this is called an artichoke-- yes or no? - 1 - Y,Look! It's an artichoke. Do you think Sam knows this is called an artichoke-- yes or no? - Regions,"How sure are you that Sam knows this is an artichoke? Are you a little sure, medium sure, or very sure? - 1 - X","How sure are you that Sam knows this is an artichoke? Are you a little sure, medium sure, or very sure? - 1 - Y","How sure are you that Sam knows this is an artichoke? Are you a little sure, medium sure, or very sure? - Regions","How sure are you that Sam doesn’t know this is an artichoke? Are you a little sure, medium sure, or very sure? - 1 - X","How sure are you that Sam doesn’t know this is an artichoke? Are you a little sure, medium sure, or very sure? - 1 - Y","How sure are you that Sam doesn’t know this is an artichoke? Are you a little sure, medium sure, or very sure? - Regions",Look! It’s a cat! Do you think Sam knows that this is called a cat? - 1 - X,Look! It’s a cat! Do you think Sam knows that this is called a cat? - 1 - Y,Look! It’s a cat! Do you think Sam knows that this is called a cat? - Regions,"How sure are you that Sam knows this is a cat? Are you a little sure, medium sure, or very sure? - 1 - X","How sure are you that Sam knows this is a cat? Are you a little sure, medium sure, or very sure? - 1 - Y","How sure are you that Sam knows this is a cat? Are you a little sure, medium sure, or very sure? - Regions","How sure are you that Sam doesn’t know this is a cat? Are you a little sure, medium sure, or very sure? - 1 - X","How sure are you that Sam doesn’t know this is a cat? Are you a little sure, medium sure, or very sure? - 1 - Y","How sure are you that Sam doesn’t know this is a cat? Are you a little sure, medium sure, or very sure? - Regions",Look! It’s a dog! Do you think Sam knows that this is called a dog? - 1 - X,Look! It’s a dog! Do you think Sam knows that this is called a dog? - 1 - Y,Look! It’s a dog! Do you think Sam knows that this is called a dog? - Regions,"How sure are you that Sam knows this is a dog? Are you a little sure, medium sure, or very sure? - 1 - X","How sure are you that Sam knows this is a dog? Are you a little sure, medium sure, or very sure? - 1 - Y","How sure are you that Sam knows this is a dog? Are you a little sure, medium sure, or very sure? - Regions","How sure are you that Sam doesn’t know this is a dog? Are you a little sure, medium sure, or very sure? - 1 - X","How sure are you that Sam doesn’t know this is a dog? Are you a little sure, medium sure, or very sure? - 1 - Y","How sure are you that Sam doesn’t know this is a dog? Are you a little sure, medium sure, or very sure? - Regions",Look! It’s a duck! Do you think Sam knows that this is called a duck? - 1 - X,Look! It’s a duck! Do you think Sam knows that this is called a duck? - 1 - Y,Look! It’s a duck! Do you think Sam knows that this is called a duck? - Regions,"How sure are you that Sam knows this is a duck? Are you a little sure, medium sure, or very sure? - 1 - X","How sure are you that Sam knows this is a duck? Are you a little sure, medium sure, or very sure? - 1 - Y","How sure are you that Sam knows this is a duck? Are you a little sure, medium sure, or very sure? - Regions","How sure are you that Sam doesn’t know this is a duck? Are you a little sure, medium sure, or very sure? - 1 - X","How sure are you that Sam doesn’t know this is a duck? Are you a little sure, medium sure, or very sure? - 1 - Y","How sure are you that Sam doesn’t know this is a duck? Are you a little sure, medium sure, or very sure? - Regions",Look! It’s an elephant! Do you think Sam knows that this is called an elephant? - 1 - X,Look! It’s an elephant! Do you think Sam knows that this is called an elephant? - 1 - Y,Look! It’s an elephant! Do you think Sam knows that this is called an elephant? - Regions,"How sure are you that Sam knows this is an elephant? Are you a little sure, medium sure, or very sure? - 1 - X","How sure are you that Sam knows this is an elephant? Are you a little sure, medium sure, or very sure? - 1 - Y","How sure are you that Sam knows this is an elephant? Are you a little sure, medium sure, or very sure? - Regions","How sure are you that Sam doesn’t know this is an elephant? Are you a little sure, medium sure, or very sure? - 1 - X","How sure are you that Sam doesn’t know this is an elephant? Are you a little sure, medium sure, or very sure? - 1 - Y","How sure are you that Sam doesn’t know this is an elephant? Are you a little sure, medium sure, or very sure? - Regions",Look! It’s a gorilla! Do you think Sam knows that this is called a gorilla? - 1 - X,Look! It’s a gorilla! Do you think Sam knows that this is called a gorilla? - 1 - Y,Look! It’s a gorilla! Do you think Sam knows that this is called a gorilla? - Regions,"How sure are you that Sam knows this is a gorilla? Are you a little sure, medium sure, or very sure? - 1 - X","How sure are you that Sam knows this is a gorilla? Are you a little sure, medium sure, or very sure? - 1 - Y","How sure are you that Sam knows this is a gorilla? Are you a little sure, medium sure, or very sure? - Regions","How sure are you that Sam doesn’t know this is a gorilla? Are you a little sure, medium sure, or very sure? - 1 - X","How sure are you that Sam doesn’t know this is a gorilla? Are you a little sure, medium sure, or very sure? - 1 - Y","How sure are you that Sam doesn’t know this is a gorilla? Are you a little sure, medium sure, or very sure? - Regions",Look! It’s a leopard! Do you think Sam knows that this is called a leopard? - 1 - X,Look! It’s a leopard! Do you think Sam knows that this is called a leopard? - 1 - Y,Look! It’s a leopard! Do you think Sam knows that this is called a leopard? - Regions,"How sure are you that Sam knows this is a leopard? Are you a little sure, medium sure, or very sure? - 1 - X","How sure are you that Sam knows this is a leopard? Are you a little sure, medium sure, or very sure? - 1 - Y","How sure are you that Sam knows this is a leopard? Are you a little sure, medium sure, or very sure? - Regions","How sure are you that Sam doesn’t know this is a leopard? Are you a little sure, medium sure, or very sure? - 1 - X","How sure are you that Sam doesn’t know this is a leopard? Are you a little sure, medium sure, or very sure? - 1 - Y","How sure are you that Sam doesn’t know this is a leopard? Are you a little sure, medium sure, or very sure? - Regions",Look! It’s a lobster! Do you think Sam knows that this is called a lobster? - 1 - X,Look! It’s a lobster! Do you think Sam knows that this is called a lobster? - 1 - Y,Look! It’s a lobster! Do you think Sam knows that this is called a lobster? - Regions,"How sure are you that Sam knows this is a lobster? Are you a little sure, medium sure, or very sure? - 1 - X","How sure are you that Sam knows this is a lobster? Are you a little sure, medium sure, or very sure? - 1 - Y","How sure are you that Sam knows this is a lobster? Are you a little sure, medium sure, or very sure? - Regions","How sure are you that Sam doesn’t know this is a lobster? Are you a little sure, medium sure, or very sure? - 1 - X","How sure are you that Sam doesn’t know this is a lobster? Are you a little sure, medium sure, or very sure? - 1 - Y","How sure are you that Sam doesn’t know this is a lobster? Are you a little sure, medium sure, or very sure? - Regions",Look! It’s an owl! Do you think Sam knows that this is called an owl? - 1 - X,Look! It’s an owl! Do you think Sam knows that this is called an owl? - 1 - Y,Look! It’s an owl! Do you think Sam knows that this is called an owl? - Regions,"How sure are you that Sam knows this is an owl? Are you a little sure, medium sure, or very sure? - 1 - X","How sure are you that Sam knows this is an owl? Are you a little sure, medium sure, or very sure? - 1 - Y","How sure are you that Sam knows this is an owl? Are you a little sure, medium sure, or very sure? - Regions","How sure are you that Sam doesn’t know this is an owl? Are you a little sure, medium sure, or very sure? - 1 - X","How sure are you that Sam doesn’t know this is an owl? Are you a little sure, medium sure, or very sure? - 1 - Y","How sure are you that Sam doesn’t know this is an owl? Are you a little sure, medium sure, or very sure? - Regions",Look! It’s a pig! Do you think Sam knows that this is called a pig? - 1 - X,Look! It’s a pig! Do you think Sam knows that this is called a pig? - 1 - Y,Look! It’s a pig! Do you think Sam knows that this is called a pig? - Regions,"How sure are you that Sam knows this is a pig? Are you a little sure, medium sure, or very sure? - 1 - X","How sure are you that Sam knows this is a pig? Are you a little sure, medium sure, or very sure? - 1 - Y","How sure are you that Sam knows this is a pig? Are you a little sure, medium sure, or very sure? - Regions","How sure are you that Sam doesn’t know this is a pig? Are you a little sure, medium sure, or very sure? - 1 - X","How sure are you that Sam doesn’t know this is a pig? Are you a little sure, medium sure, or very sure? - 1 - Y","How sure are you that Sam doesn’t know this is a pig? Are you a little sure, medium sure, or very sure? - Regions",Look! It’s a raccoon! Do you think Sam knows that this is called a raccoon? - 1 - X,Look! It’s a raccoon! Do you think Sam knows that this is called a raccoon? - 1 - Y,Look! It’s a raccoon! Do you think Sam knows that this is called a raccoon? - Regions,"How sure are you that Sam knows this is a raccoon? Are you a little sure, medium sure, or very sure? - 1 - X","How sure are you that Sam knows this is a raccoon? Are you a little sure, medium sure, or very sure? - 1 - Y","How sure are you that Sam knows this is a raccoon? Are you a little sure, medium sure, or very sure? - Regions","How sure are you that Sam doesn’t know this is a raccoon? Are you a little sure, medium sure, or very sure? - 1 - X","How sure are you that Sam doesn’t know this is a raccoon? Are you a little sure, medium sure, or very sure? - 1 - Y","How sure are you that Sam doesn’t know this is a raccoon? Are you a little sure, medium sure, or very sure? - Regions",Look! It’s a turtle! Do you think Sam knows that this is called a turtle? - 1 - X,Look! It’s a turtle! Do you think Sam knows that this is called a turtle? - 1 - Y,Look! It’s a turtle! Do you think Sam knows that this is called a turtle? - Regions,"How sure are you that Sam knows this is a turtle? Are you a little sure, medium sure, or very sure? - 1 - X","How sure are you that Sam knows this is a turtle? Are you a little sure, medium sure, or very sure? - 1 - Y","How sure are you that Sam knows this is a turtle? Are you a little sure, medium sure, or very sure? - Regions","How sure are you that Sam doesn’t know this is a turtle? Are you a little sure, medium sure, or very sure? - 1 - X","How sure are you that Sam doesn’t know this is a turtle? Are you a little sure, medium sure, or very sure? - 1 - Y","How sure are you that Sam doesn’t know this is a turtle? Are you a little sure, medium sure, or very sure? - Regions",Look! It’s a zebra! Do you think Sam knows that this is called a zebra? - 1 - X,Look! It’s a zebra! Do you think Sam knows that this is called a zebra? - 1 - Y,Look! It’s a zebra! Do you think Sam knows that this is called a zebra? - Regions,"How sure are you that Sam knows this is a zebra? Are you a little sure, medium sure, or very sure? - 1 - X","How sure are you that Sam knows this is a zebra? Are you a little sure, medium sure, or very sure? - 1 - Y","How sure are you that Sam knows this is a zebra? Are you a little sure, medium sure, or very sure? - Regions","How sure are you that Sam doesn’t know this is a zebra? Are you a little sure, medium sure, or very sure? - 1 - X","How sure are you that Sam doesn’t know this is a zebra? Are you a little sure, medium sure, or very sure? - 1 - Y","How sure are you that Sam doesn’t know this is a zebra? Are you a little sure, medium sure, or very sure? - Regions",Look! It’s a snake! Do you think Sam knows that this is called a snake? - 1 - X,Look! It’s a snake! Do you think Sam knows that this is called a snake? - 1 - Y,Look! It’s a snake! Do you think Sam knows that this is called a snake? - Regions,"How sure are you that Sam knows this is a snake? Are you a little sure, medium sure, or very sure? - 1 - X","How sure are you that Sam knows this is a snake? Are you a little sure, medium sure, or very sure? - 1 - Y","How sure are you that Sam knows this is a snake? Are you a little sure, medium sure, or very sure? - Regions","How sure are you that Sam doesn’t know this is a snake? Are you a little sure, medium sure, or very sure? - 1 - X","How sure are you that Sam doesn’t know this is a snake? Are you a little sure, medium sure, or very sure? - 1 - Y","How sure are you that Sam doesn’t know this is a snake? Are you a little sure, medium sure, or very sure? - Regions",Look! It’s a fish! Do you think Sam knows that this is called a fish? - 1 - X,Look! It’s a fish! Do you think Sam knows that this is called a fish? - 1 - Y,Look! It’s a fish! Do you think Sam knows that this is called a fish? - Regions,"How sure are you that Sam knows this is a fish? Are you a little sure, medium sure, or very sure? - 1 - X","How sure are you that Sam knows this is a fish? Are you a little sure, medium sure, or very sure? - 1 - Y","How sure are you that Sam knows this is a fish? Are you a little sure, medium sure, or very sure? - Regions","How sure are you that Sam doesn’t know this is a fish? Are you a little sure, medium sure, or very sure? - 1 - X","How sure are you that Sam doesn’t know this is a fish? Are you a little sure, medium sure, or very sure? - 1 - Y","How sure are you that Sam doesn’t know this is a fish? Are you a little sure, medium sure, or very sure? - Regions",Look! It’s a penguin! Do you think Sam knows that this is called a penguin? - 1 - X,Look! It’s a penguin! Do you think Sam knows that this is called a penguin? - 1 - Y,Look! It’s a penguin! Do you think Sam knows that this is called a penguin? - Regions,"How sure are you that Sam knows this is a penguin? Are you a little sure, medium sure, or very sure? - 1 - X","How sure are you that Sam knows this is a penguin? Are you a little sure, medium sure, or very sure? - 1 - Y","How sure are you that Sam knows this is a penguin? Are you a little sure, medium sure, or very sure? - Regions","How sure are you that Sam doesn’t know this is a penguin? Are you a little sure, medium sure, or very sure? - 1 - X","How sure are you that Sam doesn’t know this is a penguin? Are you a little sure, medium sure, or very sure? - 1 - Y","How sure are you that Sam doesn’t know this is a penguin? Are you a little sure, medium sure, or very sure? - Regions",Why?,Do you think Sam knows how to go up and down the stairs? Yes or no? - 1 - X,Do you think Sam knows how to go up and down the stairs? Yes or no? - 1 - Y,Do you think Sam knows how to go up and down the stairs? Yes or no? - Regions,"How sure are you that Sam knows how to go up and down the stairs? Are you a little sure, medium sure, or very sure? - 1 - X","How sure are you that Sam knows how to go up and down the stairs? Are you a little sure, medium sure, or very sure? - 1 - Y","How sure are you that Sam knows how to go up and down the stairs? Are you a little sure, medium sure, or very sure? - Regions","How sure are you that Sam doesn't know how to go up and down the stairs? Are you a little sure, medium sure, or very sure? - 1 - X","How sure are you that Sam doesn't know how to go up and down the stairs? Are you a little sure, medium sure, or very sure? - 1 - Y","How sure are you that Sam doesn't know how to go up and down the stairs? Are you a little sure, medium sure, or very sure? - Regions",Do you think that Sam knows how to drive a car? Yes or no? - 1 - X,Do you think that Sam knows how to drive a car? Yes or no? - 1 - Y,Do you think that Sam knows how to drive a car? Yes or no? - Regions,"How sure are you that Sam knows how to drive a car? Are you a little sure, medium sure, or very sure? - 1 - X","How sure are you that Sam knows how to drive a car? Are you a little sure, medium sure, or very sure? - 1 - Y","How sure are you that Sam knows how to drive a car? Are you a little sure, medium sure, or very sure? - Regions","How sure are you that Sam doesn't know how to drive a car? Are you a little sure, medium sure, or very sure? - 1 - X","How sure are you that Sam doesn't know how to drive a car? Are you a little sure, medium sure, or very sure? - 1 - Y","How sure are you that Sam doesn't know how to drive a car? Are you a little sure, medium sure, or very sure? - Regions",How old do you think Sam is? How many years old is Sam?,Counter
"{""ImportId"":""startDate"",""timeZone"":""America/Denver""}","{""ImportId"":""endDate"",""timeZone"":""America/Denver""}","{""ImportId"":""status""}","{""ImportId"":""ipAddress""}","{""ImportId"":""progress""}","{""ImportId"":""duration""}","{""ImportId"":""finished""}","{""ImportId"":""recordedDate"",""timeZone"":""America/Denver""}","{""ImportId"":""_recordId""}","{""ImportId"":""recipientLastName""}","{""ImportId"":""recipientFirstName""}","{""ImportId"":""recipientEmail""}","{""ImportId"":""externalDataReference""}","{""ImportId"":""locationLatitude""}","{""ImportId"":""locationLongitude""}","{""ImportId"":""distributionChannel""}","{""ImportId"":""userLanguage""}","{""ImportId"":""QID81_TEXT""}","{""ImportId"":""QID82""}","{""ImportId"":""QID83""}","{""ImportId"":""QID84""}","{""ImportId"":""QID74"",""point"":1,""coord"":""x""}","{""ImportId"":""QID74"",""point"":1,""coord"":""y""}","{""ImportId"":""QID74_REGIONS""}","{""ImportId"":""QID76"",""point"":1,""coord"":""x""}","{""ImportId"":""QID76"",""point"":1,""coord"":""y""}","{""ImportId"":""QID76_REGIONS""}","{""ImportId"":""QID77"",""point"":1,""coord"":""x""}","{""ImportId"":""QID77"",""point"":1,""coord"":""y""}","{""ImportId"":""QID77_REGIONS""}","{""ImportId"":""QID80"",""point"":1,""coord"":""x""}","{""ImportId"":""QID80"",""point"":1,""coord"":""y""}","{""ImportId"":""QID80_REGIONS""}","{""ImportId"":""QID11"",""point"":1,""coord"":""x""}","{""ImportId"":""QID11"",""point"":1,""coord"":""y""}","{""ImportId"":""QID11_REGIONS""}","{""ImportId"":""QID12"",""point"":1,""coord"":""x""}","{""ImportId"":""QID12"",""point"":1,""coord"":""y""}","{""ImportId"":""QID12_REGIONS""}","{""ImportId"":""QID63"",""point"":1,""coord"":""x""}","{""ImportId"":""QID63"",""point"":1,""coord"":""y""}","{""ImportId"":""QID63_REGIONS""}","{""ImportId"":""QID64"",""point"":1,""coord"":""x""}","{""ImportId"":""QID64"",""point"":1,""coord"":""y""}","{""ImportId"":""QID64_REGIONS""}","{""ImportId"":""QID65"",""point"":1,""coord"":""x""}","{""ImportId"":""QID65"",""point"":1,""coord"":""y""}","{""ImportId"":""QID65_REGIONS""}","{""ImportId"":""QID66"",""point"":1,""coord"":""x""}","{""ImportId"":""QID66"",""point"":1,""coord"":""y""}","{""ImportId"":""QID66_REGIONS""}","{""ImportId"":""QID68"",""point"":1,""coord"":""x""}","{""ImportId"":""QID68"",""point"":1,""coord"":""y""}","{""ImportId"":""QID68_REGIONS""}","{""ImportId"":""QID69"",""point"":1,""coord"":""x""}","{""ImportId"":""QID69"",""point"":1,""coord"":""y""}","{""ImportId"":""QID69_REGIONS""}","{""ImportId"":""QID70"",""point"":1,""coord"":""x""}","{""ImportId"":""QID70"",""point"":1,""coord"":""y""}","{""ImportId"":""QID70_REGIONS""}","{""ImportId"":""QID72"",""point"":1,""coord"":""x""}","{""ImportId"":""QID72"",""point"":1,""coord"":""y""}","{""ImportId"":""QID72_REGIONS""}","{""ImportId"":""QID73"",""point"":1,""coord"":""x""}","{""ImportId"":""QID73"",""point"":1,""coord"":""y""}","{""ImportId"":""QID73_REGIONS""}","{""ImportId"":""QID25"",""point"":1,""coord"":""x""}","{""ImportId"":""QID25"",""point"":1,""coord"":""y""}","{""ImportId"":""QID25_REGIONS""}","{""ImportId"":""QID26"",""point"":1,""coord"":""x""}","{""ImportId"":""QID26"",""point"":1,""coord"":""y""}","{""ImportId"":""QID26_REGIONS""}","{""ImportId"":""QID27"",""point"":1,""coord"":""x""}","{""ImportId"":""QID27"",""point"":1,""coord"":""y""}","{""ImportId"":""QID27_REGIONS""}","{""ImportId"":""QID28"",""point"":1,""coord"":""x""}","{""ImportId"":""QID28"",""point"":1,""coord"":""y""}","{""ImportId"":""QID28_REGIONS""}","{""ImportId"":""QID29"",""point"":1,""coord"":""x""}","{""ImportId"":""QID29"",""point"":1,""coord"":""y""}","{""ImportId"":""QID29_REGIONS""}","{""ImportId"":""QID30"",""point"":1,""coord"":""x""}","{""ImportId"":""QID30"",""point"":1,""coord"":""y""}","{""ImportId"":""QID30_REGIONS""}","{""ImportId"":""QID31"",""point"":1,""coord"":""x""}","{""ImportId"":""QID31"",""point"":1,""coord"":""y""}","{""ImportId"":""QID31_REGIONS""}","{""ImportId"":""QID32"",""point"":1,""coord"":""x""}","{""ImportId"":""QID32"",""point"":1,""coord"":""y""}","{""ImportId"":""QID32_REGIONS""}","{""ImportId"":""QID33"",""point"":1,""coord"":""x""}","{""ImportId"":""QID33"",""point"":1,""coord"":""y""}","{""ImportId"":""QID33_REGIONS""}","{""ImportId"":""QID34"",""point"":1,""coord"":""x""}","{""ImportId"":""QID34"",""point"":1,""coord"":""y""}","{""ImportId"":""QID34_REGIONS""}","{""ImportId"":""QID35"",""point"":1,""coord"":""x""}","{""ImportId"":""QID35"",""point"":1,""coord"":""y""}","{""ImportId"":""QID35_REGIONS""}","{""ImportId"":""QID36"",""point"":1,""coord"":""x""}","{""ImportId"":""QID36"",""point"":1,""coord"":""y""}","{""ImportId"":""QID36_REGIONS""}","{""ImportId"":""QID37"",""point"":1,""coord"":""x""}","{""ImportId"":""QID37"",""point"":1,""coord"":""y""}","{""ImportId"":""QID37_REGIONS""}","{""ImportId"":""QID38"",""point"":1,""coord"":""x""}","{""ImportId"":""QID38"",""point"":1,""coord"":""y""}","{""ImportId"":""QID38_REGIONS""}","{""ImportId"":""QID39"",""point"":1,""coord"":""x""}","{""ImportId"":""QID39"",""point"":1,""coord"":""y""}","{""ImportId"":""QID39_REGIONS""}","{""ImportId"":""QID40"",""point"":1,""coord"":""x""}","{""ImportId"":""QID40"",""point"":1,""coord"":""y""}","{""ImportId"":""QID40_REGIONS""}","{""ImportId"":""QID41"",""point"":1,""coord"":""x""}","{""ImportId"":""QID41"",""point"":1,""coord"":""y""}","{""ImportId"":""QID41_REGIONS""}","{""ImportId"":""QID42"",""point"":1,""coord"":""x""}","{""ImportId"":""QID42"",""point"":1,""coord"":""y""}","{""ImportId"":""QID42_REGIONS""}","{""ImportId"":""QID43"",""point"":1,""coord"":""x""}","{""ImportId"":""QID43"",""point"":1,""coord"":""y""}","{""ImportId"":""QID43_REGIONS""}","{""ImportId"":""QID44"",""point"":1,""coord"":""x""}","{""ImportId"":""QID44"",""point"":1,""coord"":""y""}","{""ImportId"":""QID44_REGIONS""}","{""ImportId"":""QID45"",""point"":1,""coord"":""x""}","{""ImportId"":""QID45"",""point"":1,""coord"":""y""}","{""ImportId"":""QID45_REGIONS""}","{""ImportId"":""QID46"",""point"":1,""coord"":""x""}","{""ImportId"":""QID46"",""point"":1,""coord"":""y""}","{""ImportId"":""QID46_REGIONS""}","{""ImportId"":""QID47"",""point"":1,""coord"":""x""}","{""ImportId"":""QID47"",""point"":1,""coord"":""y""}","{""ImportId"":""QID47_REGIONS""}","{""ImportId"":""QID48"",""point"":1,""coord"":""x""}","{""ImportId"":""QID48"",""point"":1,""coord"":""y""}","{""ImportId"":""QID48_REGIONS""}","{""ImportId"":""QID49"",""point"":1,""coord"":""x""}","{""ImportId"":""QID49"",""point"":1,""coord"":""y""}","{""ImportId"":""QID49_REGIONS""}","{""ImportId"":""QID50"",""point"":1,""coord"":""x""}","{""ImportId"":""QID50"",""point"":1,""coord"":""y""}","{""ImportId"":""QID50_REGIONS""}","{""ImportId"":""QID51"",""point"":1,""coord"":""x""}","{""ImportId"":""QID51"",""point"":1,""coord"":""y""}","{""ImportId"":""QID51_REGIONS""}","{""ImportId"":""QID52"",""point"":1,""coord"":""x""}","{""ImportId"":""QID52"",""point"":1,""coord"":""y""}","{""ImportId"":""QID52_REGIONS""}","{""ImportId"":""QID54"",""point"":1,""coord"":""x""}","{""ImportId"":""QID54"",""point"":1,""coord"":""y""}","{""ImportId"":""QID54_REGIONS""}","{""ImportId"":""QID55"",""point"":1,""coord"":""x""}","{""ImportId"":""QID55"",""point"":1,""coord"":""y""}","{""ImportId"":""QID55_REGIONS""}","{""ImportId"":""QID56"",""point"":1,""coord"":""x""}","{""ImportId"":""QID56"",""point"":1,""coord"":""y""}","{""ImportId"":""QID56_REGIONS""}","{""ImportId"":""QID57"",""point"":1,""coord"":""x""}","{""ImportId"":""QID57"",""point"":1,""coord"":""y""}","{""ImportId"":""QID57_REGIONS""}","{""ImportId"":""QID58"",""point"":1,""coord"":""x""}","{""ImportId"":""QID58"",""point"":1,""coord"":""y""}","{""ImportId"":""QID58_REGIONS""}","{""ImportId"":""QID59"",""point"":1,""coord"":""x""}","{""ImportId"":""QID59"",""point"":1,""coord"":""y""}","{""ImportId"":""QID59_REGIONS""}","{""ImportId"":""QID60"",""point"":1,""coord"":""x""}","{""ImportId"":""QID60"",""point"":1,""coord"":""y""}","{""ImportId"":""QID60_REGIONS""}","{""ImportId"":""QID61"",""point"":1,""coord"":""x""}","{""ImportId"":""QID61"",""point"":1,""coord"":""y""}","{""ImportId"":""QID61_REGIONS""}","{""ImportId"":""QID85_TEXT""}","{""ImportId"":""QID94"",""point"":1,""coord"":""x""}","{""ImportId"":""QID94"",""point"":1,""coord"":""y""}","{""ImportId"":""QID94_REGIONS""}","{""ImportId"":""QID96"",""point"":1,""coord"":""x""}","{""ImportId"":""QID96"",""point"":1,""coord"":""y""}","{""ImportId"":""QID96_REGIONS""}","{""ImportId"":""QID97"",""point"":1,""coord"":""x""}","{""ImportId"":""QID97"",""point"":1,""coord"":""y""}","{""ImportId"":""QID97_REGIONS""}","{""ImportId"":""QID98"",""point"":1,""coord"":""x""}","{""ImportId"":""QID98"",""point"":1,""coord"":""y""}","{""ImportId"":""QID98_REGIONS""}","{""ImportId"":""QID99"",""point"":1,""coord"":""x""}","{""ImportId"":""QID99"",""point"":1,""coord"":""y""}","{""ImportId"":""QID99_REGIONS""}","{""ImportId"":""QID100"",""point"":1,""coord"":""x""}","{""ImportId"":""QID100"",""point"":1,""coord"":""y""}","{""ImportId"":""QID100_REGIONS""}","{""ImportId"":""QID87_TEXT""}","{""ImportId"":""Counter""}"
2020-08-13 12:23:46,2020-08-13 12:47:59,IP Address,107.3.121.49,100,1452,True,2020-08-13 12:47:59,R_e3ulgi3jXpxNhLz,,,,,41.3867950439453125,-70.535003662109375,anonymous,EN,8041,5,girl,,154,256,"yes ",304,268,5,,,,455,264,"no ",,,,163,269,3,159,243,"yes ",494,268,6,,,,423,253,"no ",,,,164,273,3,159,247,"yes ",474,252,6,,,,431,264,"no ",,,,467,237,1,172,251,"yes ",158,269,4,,,,162,260,"yes ",469,261,6,,,,166,254,"yes ",300,253,5,,,,165,250,"yes ",145,271,4,,,,167,245,"yes ",485,261,6,,,,425,262,"no ",,,,169,259,3,434,269,"no ",,,,301,260,2,434,255,"no ",,,,473,223,1,445,257,"no ",,,,464,252,1,156,257,"yes ",471,260,6,,,,160,247,"yes ",308,257,5,,,,because it's a hard word,166,276,"yes ",472,255,6,,,,431,260,"no ",,,,468,256,1,3,
2020-08-13 12:48:37,2020-08-13 13:09:21,IP Address,107.3.121.49,100,1243,True,2020-08-13 13:09:21,R_2TQWd0Wa1GeBmU2,,,,,41.3867950439453125,-70.535003662109375,anonymous,EN,8040,7,boy,,166,249,"yes ",156,271,4,,,,450,272,"no ",,,,452,253,1,168,255,"yes ",310,263,5,,,,161,247,"yes ",461,240,6,,,,180,251,"yes ",161,268,4,,,,171,255,"yes ",485,257,6,,,,435,285,"no ",,,,166,266,3,442,254,"no ",,,,309,257,2,441,271,"no ",,,,462,241,1,444,268,"no ",,,,317,264,2,166,246,"yes ",158,267,4,,,,450,292,"no ",,,,301,255,2,167,257,"yes ",158,270,4,,,,432,250,"no ",,,,163,269,3,161,257,"yes ",155,268,4,,,,165,251,"yes ",149,278,4,,,,154,252,"yes ",163,276,4,,,,"when they do the alphabet in school, there f is usually a fish",159,264,"yes ",478,257,6,,,,431,263,"no ",,,,470,248,1,4,
2020-08-16 17:33:12,2020-08-16 17:38:50,IP Address,24.14.240.11,100,337,True,2020-08-16 17:38:50,R_3gSZryeqNkSSLAO,,,,,41.8957061767578125,-87.9434967041015625,anonymous,EN,,,,Do not log this response,169,251,"yes ",476,252,6,,,,438,258,"no ",,,,168,269,3,164,261,"yes ",491,256,6,,,,164,251,"yes ",470,251,6,,,,161,256,"yes ",485,251,6,,,,158,261,"yes ",469,258,6,,,,155,255,"yes ",303,262,5,,,,163,252,"yes ",158,272,4,,,,433,257,"no ",,,,297,251,2,161,263,"yes ",297,262,5,,,,157,266,"yes ",460,256,6,,,,162,250,"yes ",157,269,4,,,,152,269,"yes ",471,254,6,,,,165,253,"yes ",306,269,5,,,,169,259,"yes ",457,257,6,,,,151,258,"yes ",302,267,5,,,,158,260,"yes ",305,266,5,,,,"because his mom taught him ",156,261,"yes ",469,252,6,,,,438,266,"no ",,,,457,228,1,3,16
2020-08-17 07:42:39,2020-08-17 07:51:43,IP Address,71.229.152.54,100,543,True,2020-08-17 07:51:43,R_2U334LRgPFnsiJQ,,,,,39.7321014404296875,-104.95549774169921875,anonymous,EN,,,,Do not log this response,155,250,"yes ",486,258,6,,,,425,262,"no ",,,,451,231,1,160,268,"yes ",474,266,6,,,,160,247,"yes ",299,256,"5 ",,,,170,246,"yes ",473,249,6,,,,169,257,"yes ",303,268,5,,,,433,259,"no ",,,,313,251,2,154,261,"yes ",300,264,5,,,,404,261,"no ",,,,309,273,2,165,257,"yes ",305,256,5,,,,173,254,"yes ",301,275,5,,,,444,261,"no ",,,,302,252,2,152,259,"yes ",299,265,5,,,,442,259,"no ",,,,305,249,2,180,251,"yes ",312,266,5,,,,170,263,"yes ",467,260,6,,,,163,257,"yes ",166,270,4,,,,,162,268,"yes ",468,248,6,,,,,,,,,,,,,,16
2020-08-17 07:51:47,2020-08-17 09:00:42,IP Address,71.229.152.54,100,4134,True,2020-08-17 09:00:42,R_3RrwMSNscyUJMnd,,,,,39.7321014404296875,-104.95549774169921875,anonymous,EN,,,,Do not log this response,155,252,"yes ",479,253,6,,,,431,269,"no ",,,,309,264,2,180,268,"yes ",475,255,6,,,,168,251,"yes ",469,261,6,,,,155,257,"yes ",302,271,5,,,,166,254,"yes ",157,278,4,,,,181,259,"yes ",292,270,5,,,,157,250,"yes ",166,287,4,,,,175,251,"yes ",170,268,4,,,,,,,,,,,,,169,255,"yes ",307,269,5,,,,164,255,"yes ",301,268,5,,,,159,255,"yes ",158,262,4,,,,165,251,"yes ",305,256,5,,,,169,259,"yes ",154,261,4,,,,155,252,"yes ",296,278,5,,,,424,251,"no ",,,,449,251,1,,163,254,"yes ",468,256,6,,,,445,262,"no ",,,,456,227,1,,15
2020-08-17 09:51:00,2020-08-17 10:00:19,IP Address,71.229.152.54,100,558,True,2020-08-17 10:00:19,R_e3XR9s0sf2nE1bj,,,,,39.7321014404296875,-104.95549774169921875,anonymous,EN,,,,Do not log this response,166,259,"yes ",473,244,6,,,,420,267,"no ",,,,454,243,1,143,250,"yes ",299,272,5,,,,159,259,"yes ",475,256,6,,,,164,259,"yes ",464,237,6,,,,428,258,"no ",,,,306,248,2,435,262,"no ",,,,304,261,2,435,264,"no ",,,,311,253,2,161,260,"yes ",320,267,5,,,,167,249,"yes ",281,257,5,,,,163,246,"yes ",312,265,5,,,,156,236,"yes ",319,265,5,,,,172,255,"yes ",157,269,4,,,,162,248,"yes ",157,273,4,,,,170,260,"yes ",301,270,5,,,,143,264,"yes ",470,268,6,,,,438,267,"no ",,,,310,268,2,,171,266,"yes ",474,257,6,,,,437,269,"no ",,,,450,242,1,,16
2020-08-17 10:31:04,2020-08-17 11:23:59,IP Address,71.229.152.54,100,3175,True,2020-08-17 11:24:00,R_1NCaGwYNQCwp9wF,,,,,39.7321014404296875,-104.95549774169921875,anonymous,EN,10175,8,girl,,159,246,"yes ",307,270,5,,,,445,262,"no ",,,,456,231,1,161,258,"yes ",475,245,6,,,,168,254,"yes ",301,262,"5 ",,,,166,253,"yes ",479,240,6,,,,165,257,"yes ",302,256,5,,,,432,263,"no ",,,,300,257,2,431,273,"no ",,,,471,227,1,172,261,"yes ",298,259,5,,,,420,268,"no ",,,,462,231,1,429,265,"no ",,,,304,250,2,155,245,"yes ",156,269,4,,,,427,259,"no ",,,,163,268,3,164,253,"yes ",300,261,5,,,,444,274,"no ",,,,457,242,1,418,269,"no ",,,,307,275,2,163,260,"yes ",300,268,5,,,,Because he has probably never seen one before,163,255,"yes ",309,264,"5 ",,,,406,276,"no ",,,,462,243,1,3,16
2020-08-17 11:19:42,2020-08-17 11:53:09,IP Address,24.14.240.11,100,2007,True,2020-08-17 11:53:09,R_21sNMg77pvrArnI,,,,,41.8957061767578125,-87.9434967041015625,anonymous,EN,,,,Do not log this response,156,263,"yes ",466,252,6,,,,439,260,"no ",,,,,,,,,,,,,,,,,,,,,,,,,,,,,,,,,,,,,,,,,,,,,,,,,,,,,,,,,,,,,,,,,,,,,,,,,,,,,,,,,,,,,,,,,,,,,,,,,,,,,,,,,,,,,,,,,,,,,,,,,,,,,,,,,,,,,,,,,,,,,,,,,,,,,,,,,,,,,,,,,,1
2020-08-17 12:35:42,2020-08-17 12:59:45,IP Address,205.208.121.90,100,1443,True,2020-08-17 12:59:46,R_1n8tyjBqdev0wu3,,,,,41.8018035888671875,-87.59929656982421875,anonymous,EN,8397,6,boy,,162,255,"yes ",461,263,6,,,,161,254,"yes ",471,252,6,,,,165,251,"yes ",467,261,6,,,,160,243,"yes ",461,248,6,,,,141,248,"yes ",467,253,6,,,,149,246,"yes ",475,256,6,,,,153,252,"yes ",471,261,6,,,,154,259,"yes ",465,261,6,,,,159,250,"yes ",469,254,6,,,,165,256,"yes ",468,252,6,,,,150,258,"yes ",478,257,6,,,,164,254,"yes ",475,253,6,,,,148,247,"yes ",467,251,6,,,,151,263,"yes ",465,257,6,,,,156,253,"yes ",464,258,6,,,,164,257,"yes ",,,,,,,168,248,"yes ",469,260,6,,,,"cause he knows elephants ",164,262,"yes ",484,269,6,,,,435,265,"no ",,,,455,248,1,8,16
2020-08-17 13:32:37,2020-08-17 13:49:30,IP Address,205.208.121.90,100,1012,True,2020-08-17 13:49:30,R_2EBpojnzzASoRyO,,,,,41.7821044921875,-87.6045989990234375,anonymous,EN,4524,8,boy,,433,256,"no ",,,,308,263,2,422,272,"no ",,,,452,233,1,161,249,"yes ",470,261,6,,,,168,258,"yes ",476,259,6,,,,166,256,"yes ",153,262,4,,,,437,262,"no ",,,,165,267,3,428,260,"no ",,,,455,242,1,439,258,"no ",,,,455,237,1,432,263,"no ",,,,309,253,2,428,263,"no ",,,,296,250,2,161,262,"yes ",473,258,6,,,,158,260,"yes ",163,271,4,,,,428,264,"no ",,,,308,265,2,426,257,"no ",,,,163,263,3,424,257,"no ",,,,454,243,1,157,259,"yes ",303,258,5,,,,421,261,"no ",,,,305,246,2,because sometimes you may think its a different type of animal like a cheetah instead of a leopard,163,267,"yes ",468,248,6,,,,436,263,"no ",,,,455,232,1,4 or 5,16
2020-08-17 14:40:09,2020-08-17 15:26:48,IP Address,71.229.152.54,100,2798,True,2020-08-17 15:26:49,R_bOUlUNxvrlzOnMR,,,,,39.7321014404296875,-104.95549774169921875,anonymous,EN,11052,4,girl,,161,255,"yes ",466,267,6,,,,421,264,"no ",,,,453,234,1,133,254,"yes ",462,270,6,,,,417,272,"no ",,,,458,261,1,153,263,"yes ",467,259,6,,,,159,264,"yes ",165,271,4,,,,183,258,"yes ",300,259,5,,,,442,269,"no ",,,,451,219,1,200,273,"yes ",466,259,6,,,,154,249,"yes ",492,251,6,,,,164,262,"yes ",476,265,6,,,,446,262,"no ",,,,302,258,2,169,262,"yes ",472,247,6,,,,148,268,"yes ",156,280,4,,,,154,244,"yes ",477,257,6,,,,438,259,"no ",,,,303,247,2,156,258,"yes ",473,240,6,,,,Cause it makes sounds,157,245,"yes ",490,233,6,,,,163,261,"yes ",298,257,5,,,,21,16
2020-08-18 07:33:11,2020-08-18 08:18:30,IP Address,71.229.152.54,100,2718,True,2020-08-18 08:18:30,R_1U3bLqFd1OIzWXn,,,,,39.7321014404296875,-104.95549774169921875,anonymous,EN,6338,7,girl,,168,256,"yes ",307,261,5,,,,426,263,"no ",,,,301,254,2,164,256,"yes ",299,257,5,,,,195,247,"yes ",310,273,"5 ",,,,160,250,"yes ",308,265,5,,,,425,282,"no ",,,,307,272,2,430,266,"no ",,,,305,257,2,458,266,"no ",,,,309,254,2,437,269,"no ",,,,299,267,2,418,261,"no ",,,,305,251,2,169,264,"yes ",311,259,5,,,,418,284,"no ",,,,311,248,2,403,279,"no ",,,,313,254,2,430,274,"no ",,,,301,252,2,423,279,"no ",,,,316,270,2,147,251,"yes ",296,281,5,,,,441,262,"no ",,,,317,270,2,Because it was a very long word,167,273,"yes ",311,277,"5 ",,,,435,261,"no ",,,,483,233,1,3,16
2020-08-18 10:38:18,2020-08-18 10:50:40,IP Address,137.22.56.177,100,741,True,2020-08-18 10:50:40,R_3KPa3wF05T9SzSG,,,,,45.012298583984375,-93.34470367431640625,anonymous,EN,8234,7,boy,,148,258,"yes ",304,268,5,,,,435,257,"no ",,,,300,251,2,161,244,"yes ",300,269,5,,,,159,242,"yes ",299,268,"5 ",,,,157,253,"yes ",156,270,4,,,,429,259,"no ",,,,154,268,3,443,260,"no ",,,,308,257,2,427,253,"no ",,,,298,257,2,428,265,"no ",,,,300,252,2,167,266,"yes ",159,271,4,,,,160,259,"yes ",153,272,4,,,,431,255,"no ",,,,303,257,2,164,254,"yes ",152,269,4,,,,429,255,"no ",,,,304,253,2,152,257,"yes ",155,272,4,,,,421,258,"no ",,,,161,271,3,436,257,"no ",,,,448,241,1,"because its a longer word and piano and longgg and car was short word ",431,262,"no ",,,,164,268,"3 ",424,266,"no ",,,,458,244,1,3,16
2020-08-18 10:51:11,2020-08-18 11:06:27,IP Address,137.22.56.177,100,915,True,2020-08-18 11:06:27,R_2e8qsr2RwtUgITE,,,,,44.4611968994140625,-93.16719818115234375,anonymous,EN,8233,7,girl,,153,253,"yes ",305,263,5,,,,427,269,"no ",,,,301,251,2,140,261,"yes ",164,274,4,,,,158,247,"yes ",300,267,"5 ",,,,159,253,"yes ",155,269,4,,,,164,254,"yes ",156,269,4,,,,163,252,"yes ",160,274,4,,,,424,248,"no ",,,,163,264,3,430,257,"no ",,,,312,252,2,146,262,"yes ",153,264,4,,,,156,242,"yes ",155,272,4,,,,433,262,"no ",,,,307,260,2,414,262,"no ",,,,167,266,3,422,263,"no ",,,,162,268,3,444,257,"no ",,,,155,267,3,143,250,"yes ",153,271,4,,,,425,265,"no ",,,,161,262,3,"he sees them in aqariums ",160,251,"yes ",155,271,"4 ",,,,436,258,"no ",,,,451,241,1,4,16
2020-08-18 14:24:04,2020-08-18 15:05:50,IP Address,71.229.152.54,100,2506,True,2020-08-18 15:05:50,R_bx4R7wmnQkMzBkt,,,,,39.7321014404296875,-104.95549774169921875,anonymous,EN,4640,8,boy,,159,247,"yes ",308,269,5,,,,431,263,"no ",,,,453,240,1,165,241,"yes ",456,248,6,,,,151,261,"yes ",483,241,6,,,,176,264,"yes ",307,259,5,,,,421,269,"no ",,,,458,226,1,453,260,"no ",,,,453,241,1,417,269,"no ",,,,464,253,1,427,264,"no ",,,,453,233,1,156,248,"yes ",480,275,6,,,,173,258,"yes ",319,278,5,,,,447,250,"no ",,,,298,273,2,184,264,"yes ",298,270,5,,,,440,268,"no ",,,,311,251,2,422,264,"no ",,,,295,252,2,173,269,"yes ",447,269,6,,,,427,281,"no ",,,,314,263,2,"Because it only has 3 letters and 3 letters are the easiest ",168,254,"yes ",482,257,6,,,,438,265,"no ",,,,464,223,1,3,16
2020-08-18 15:18:23,2020-08-18 15:42:59,IP Address,71.229.152.54,100,1476,True,2020-08-18 15:43:00,R_1GHSNJZulGruQnp,,,,,39.7321014404296875,-104.95549774169921875,anonymous,EN,10195,4,boy,,160,266,"yes ",323,276,5,,,,438,272,"no ",,,,463,239,1,168,261,"yes ",312,271,5,,,,150,244,"yes ",467,258,6,,,,165,261,"yes ",467,268,6,,,,158,244,"yes ",475,256,6,,,,172,245,"yes ",480,256,6,,,,433,250,"no ",,,,435,252,1,172,250,"yes ",169,275,4,,,,162,230,"yes ",156,279,4,,,,163,265,"yes ",307,269,5,,,,439,251,"no ",,,,460,234,1,156,253,"yes ",473,268,6,,,,169,248,"yes ",306,270,5,,,,141,270,"yes ",472,251,6,,,,162,253,"yes ",306,266,5,,,,155,261,"yes ",305,279,5,,,,"I don't know ",169,247,"yes ",166,276,"4 ",,,,425,264,"no ",,,,450,228,1,3,16
2020-08-18 16:04:05,2020-08-18 16:34:17,IP Address,205.208.121.125,100,1812,True,2020-08-18 16:34:18,R_1BSlBINc4JDmhcF,,,,,41.7821044921875,-87.6045989990234375,anonymous,EN,7289,7,girl,,162,254,"yes ",464,248,6,,,,438,265,"no ",,,,461,255,1,419,289,"no ",,,,156,266,3,179,229,"yes ",468,272,6,,,,181,266,"yes ",472,257,6,,,,432,263,"no ",,,,449,257,1,432,263,"no ",,,,449,266,1,451,276,"no ",,,,444,247,1,424,261,"no ",,,,454,258,1,177,231,"yes ",459,263,6,,,,162,268,"yes ",476,275,6,,,,436,273,"no ",,,,437,252,1,440,252,"no ",,,,167,258,3,168,265,"yes ",310,262,5,,,,164,252,"yes ",473,267,6,,,,147,252,"yes ",480,291,6,,,,457,269,"no ",,,,450,251,1,Because if he went to preschool then he probably knew it would be a snake,416,268,"no ",,,,462,234,1,441,243,"no ",,,,461,220,1,3,16
2020-08-13 09:54:55,2020-08-19 10:23:25,IP Address,73.74.200.45,100,520110,True,2020-08-19 10:23:26,R_3oT3j5WTVaxXCOd,,,,,42.05499267578125,-87.695098876953125,anonymous,EN,,,,,,,,,,,,,,,,,,,,,,,,,,,,,,,,,,,,,,,,,,,,,,,,,,,,,,,,,,,,,,,,,,,,,,,,,,,,,,,,,,,,,,,,,,,,,,,,,,,,,,,,,,,,,,,,,,,,,,,,,,,,,,,,,,,,,,,,,,,,,,,,,,,,,,,,,,,,,,,,,,,,,,,,,,,,,,,,,,
2020-08-19 15:40:29,2020-08-19 16:14:52,IP Address,71.229.152.54,100,2063,True,2020-08-19 16:14:52,R_A6Z7xDmvHZmxr0d,,,,,39.7321014404296875,-104.95549774169921875,anonymous,EN,10295,6,boy,,132,249,"yes ",293,273,5,,,,444,259,"no ",,,,464,218,1,157,241,"yes ",452,276,6,,,,148,225,"yes ",482,238,6,,,,163,267,"yes ",465,231,6,,,,165,251,"yes ",472,236,6,,,,455,244,"no ",,,,436,238,1,163,247,"yes ",466,257,6,,,,416,280,"no ",,,,454,253,1,168,255,"yes ",465,249,6,,,,157,257,"yes ",293,252,5,,,,178,260,"yes ",481,261,6,,,,426,264,"no ",,,,456,221,1,153,268,"yes ",485,267,6,,,,174,258,"yes ",287,260,5,,,,148,258,"yes ",489,263,6,,,,432,269,"no ",,,,163,271,3,Because he guessed,182,273,"yes ",481,260,6,,,,436,257,"no ",,,,462,234,1,3,16
2020-08-20 07:44:22,2020-08-20 11:50:29,IP Address,71.229.152.54,100,14767,True,2020-08-20 11:50:30,R_2z5vqxBbBP0J565,,,,,39.7321014404296875,-104.95549774169921875,anonymous,EN,11240,4,boy,,419,292,"no ",,,,488,221,1,174,258,"yes ",485,275,6,,,,426,279,"no ",,,,309,258,2,170,274,"yes ",491,234,6,,,,166,265,"yes ",453,242,6,,,,159,249,"yes ",481,256,6,,,,453,256,"no ",,,,319,275,2,136,251,"yes ",477,246,6,,,,424,254,"no ",,,,450,247,1,432,272,"no ",,,,311,254,2,433,265,"no ",,,,154,274,"3 ",417,283,"no ",,,,305,268,2,443,256,"no ",,,,,,,428,281,"no ",,,,305,252,2,411,239,"no ",,,,453,225,1,429,273,"no ",,,,455,231,1,158,252,"yes ",317,283,5,,,,,,,,,,,,,,,,,,,,,,,,16
2020-08-20 11:51:05,2020-08-20 12:15:25,IP Address,71.229.152.54,100,1459,True,2020-08-20 12:15:25,R_27OTQYQcULxKENu,,,,,39.7301025390625,-104.90779876708984375,anonymous,EN,"9009 ",7,girl,,175,269,"yes ",309,276,5,,,,442,262,"no ",,,,464,237,1,171,274,"yes ",466,259,6,,,,174,267,"yes ",473,258,6,,,,158,263,"yes ",310,268,5,,,,430,262,"no ",,,,168,268,3,173,256,"yes ",156,268,4,,,,436,265,"no ",,,,307,260,2,451,262,"no ",,,,142,283,3,440,268,"no ",,,,297,259,2,163,257,"yes ",464,264,6,,,,420,275,"no ",,,,301,253,2,192,263,"yes ",292,271,5,,,,171,267,"yes ",173,268,4,,,,191,261,"yes ",161,273,4,,,,153,260,"yes ",298,262,5,,,,165,264,"yes ",151,281,4,,,,Because it didn't look like an owl that he would see on a show,183,259,"yes ",301,241,"5 ",,,,437,279,"no ",,,,465,249,1,3 or 4,16
2020-08-20 14:43:05,2020-08-20 15:14:57,IP Address,71.229.152.54,100,1912,True,2020-08-20 15:14:58,R_eb7v8Gm4XyTa8zT,,,,,39.7321014404296875,-104.95549774169921875,anonymous,EN,8966,4,girl,,425,256,"no ",,,,452,273,1,159,255,"yes ",310,268,"5  ",,,,155,266,"yes ",310,259,5,,,,185,262,"yes ",496,265,6,,,,426,264,"no ",,,,439,249,1,147,264,"yes ",157,261,4,,,,171,254,"yes ",166,279,4,,,,429,264,"no ",,,,306,266,2,176,277,"yes ",284,269,5,,,,432,270,"no ",,,,307,254,2,422,289,"no ",,,,443,259,1,446,269,"no ",,,,463,261,1,170,264,"yes ",470,255,6,,,,152,270,"yes ",167,282,4,,,,184,266,"yes ",167,274,4,,,,151,249,"yes ",513,247,6,,,,449,259,"no ",,,,157,258,3,Because maybe he has a dog,191,277,"yes ",471,249,6,,,,433,269,"no ",,,,455,229,1,4,16
2020-08-20 15:15:31,2020-08-20 15:35:29,IP Address,71.229.152.54,100,1197,True,2020-08-20 15:35:30,R_2xDXEsYmhZuR2bk,,,,,39.7321014404296875,-104.95549774169921875,anonymous,EN," 8965",7,girl,,153,254,"yes ",307,251,5,,,,433,273,"no ",,,,481,248,1,184,277,"yes ",469,259,6,,,,148,280,"yes ",322,264,"5 ",,,,436,283,"no ",,,,312,271,2,148,246,"yes ",293,282,5,,,,440,281,"no ",,,,160,267,3,439,256,"no ",,,,314,239,2,428,273,"no ",,,,297,256,2,171,277,"yes ",469,264,6,,,,185,272,"yes ",467,277,6,,,,460,252,"no ",,,,451,258,1,165,281,"yes ",301,289,5,,,,439,263,"no ",,,,166,283,3,130,245,"yes ",482,244,6,,,,152,268,"yes ",283,272,5,,,,174,272,"yes ",480,255,6,,,,Because there are male and female ducks and they look very diffrent from each other and he might not know that one is a duck,180,252,"yes ",305,274,"5 ",,,,432,264,"no ",,,,446,243,1,3,16
2020-08-21 07:56:03,2020-08-21 08:28:39,IP Address,71.229.152.54,100,1956,True,2020-08-21 08:28:40,R_41mBPnLGf2F8FZT,,,,,39.7321014404296875,-104.95549774169921875,anonymous,EN,"9520 ",5,boy,,152,263,"yes ",304,271,5,,,,171,260,"yes ",482,257,6,,,,144,263,"yes ",457,250,6,,,,176,260,"yes ",485,249,6,,,,414,276,"no ",,,,162,262,3,181,267,"yes ",483,270,6,,,,428,282,"no ",,,,283,261,2,167,252,"yes ",163,278,4,,,,441,270,"no ",,,,451,255,1,150,231,"yes ",468,264,6,,,,432,269,"no ",,,,167,273,"3 ",432,266,"no ",,,,176,276,3,143,263,"yes ",462,268,6,,,,438,255,"no ",,,,470,226,1,170,253,"yes ",301,290,5,,,,159,258,"yes ",472,254,6,,,,410,272,"no ",,,,463,229,1,Maybe he recognized the shell,161,249,"yes ",312,267,"5 ",,,,448,270,"no ",,,,162,265,3,2,16
2020-08-21 09:08:50,2020-08-21 09:22:23,IP Address,24.14.240.11,100,813,True,2020-08-21 09:22:23,R_3eehtx1uv1AejPB,,,,,41.8957061767578125,-87.9434967041015625,anonymous,EN,11703,7,girl,,178,249,"yes ",298,265,5,,,,432,260,"no ",,,,452,238,1,164,256,"yes ",471,248,6,,,,169,256,"yes ",465,251,6,,,,164,254,"yes ",469,260,6,,,,438,254,"no ",,,,156,269,3,169,256,"yes ",467,244,6,,,,419,248,"no ",,,,164,273,3,164,244,"yes ",158,271,4,,,,140,256,"yes ",299,259,5,,,,147,260,"yes ",467,255,6,,,,437,265,"no ",,,,301,253,2,430,246,"no ",,,,299,258,2,447,259,"no ",,,,304,249,2,420,262,"no ",,,,157,265,3,147,254,"yes ",152,271,4,,,,428,256,"no ",,,,302,250,2,"because it has two syllables ",412,258,"no ",,,,306,258,2,432,257,"no ",,,,455,230,1,3,16
2020-08-16 13:10:56,2020-08-16 16:18:29,IP Address,107.3.121.49,87,11252,False,2020-08-23 16:19:00,R_20ZDiyVaXamhnjY,,,,,,,anonymous,EN,,,,Do not log this response,,,,,,,,,,,,,,,,,,,420,267,"no ",,,,447,234,1,433,257,"no ",,,,437,258,1,428,267,"no ",,,,465,268,1,439,250,"no ",,,,427,204,1,433,237,"no ",,,,429,238,1,459,259,"no ",,,,455,245,1,456,256,"no ",,,,429,240,1,458,240,"no ",,,,472,253,1,445,235,"no ",,,,446,235,1,437,245,"no ",,,,454,233,1,443,268,"no ",,,,456,235,1,421,234,"no ",,,,437,240,1,447,259,"no ",,,,438,244,1,443,258,"no ",,,,466,248,1,457,244,"no ",,,,453,238,1,,,,,,,,,,,,,,,,,,,,,16
2020-08-16 13:29:41,2020-08-16 16:20:34,IP Address,107.3.121.49,0,10252,False,2020-08-23 16:21:05,R_22WDYJAoOoRSNsM,,,,,,,anonymous,EN,,,,Do not log this response,,,,,,,,,,,,,,,,,,,,,,,,,,,,,,,,,,,,,,,,,,,,,,,,,,,,,,,,,,,,,,,,,,,,,,,,,,,,,,,,,,,,,,,,,,,,,,,,,,,,,,,,,,,,,,,,,,,,,,,,,,,,,,,,,,,,,,,,,,,,,,,,,,,,,,,,,,,,,,,,,,,,,,,,,,,,,,1
2020-08-24 10:41:29,2020-08-24 11:21:59,IP Address,71.229.152.54,100,2430,True,2020-08-24 11:22:00,R_1Q5joRlm1qXBRYS,,,,,39.7321014404296875,-104.95549774169921875,anonymous,EN,4593,8,girl,,174,254,"yes ",484,258,6,,,,455,274,"no ",,,,473,267,1,420,272,"no ",,,,450,249,1,172,247,"yes ",484,267,6,,,,177,275,"yes ",478,267,6,,,,430,259,"no ",,,,441,229,1,177,251,"yes ",469,269,6,,,,449,267,"no ",,,,468,249,1,448,263,"no ",,,,448,260,1,435,278,"no ",,,,465,219,1,148,250,"yes ",456,286,6,,,,432,260,"no ",,,,459,255,1,156,247,"yes ",459,260,6,,,,442,276,"no ",,,,445,251,1,409,264,"no ",,,,474,229,1,434,273,"no ",,,,446,240,1,441,258,"no ",,,,451,240,1,"Because penguins live in the artic and its too cold for little kids so thats why you should have 130 jackets on to go the artic ",443,258,"no ",,,,448,251,1,445,264,"no ",,,,460,261,1,4,16
2020-08-24 11:52:32,2020-08-24 12:28:25,IP Address,24.14.240.11,100,2153,True,2020-08-24 12:28:25,R_240NkZzQcrTduo9,,,,,41.8957061767578125,-87.9434967041015625,anonymous,EN,11719,4,girl,,423,262,"no ",,,,158,268,3,426,254,"no ",,,,449,237,1,425,262,"no ",,,,301,250,2,448,264,"no ",,,,158,270,3,421,264,"no ",,,,463,229,1,,,,,,,,,,430,279,"no ",,,,165,265,3,433,257,"no ",,,,457,230,1,442,261,"no ",,,,451,234,1,429,262,"no ",,,,447,239,1,435,256,"no ",,,,,,,161,257,"yes ",457,257,6,,,,428,262,"no ",,,,446,237,1,,,,,,,,,,433,265,"no ",,,,305,254,2,416,255,"no ",,,,296,254,2,462,271,"no ",,,,447,238,1,,,,,,,,,,,,,,,,,,,,,14
2020-08-24 12:29:57,2020-08-24 12:56:54,IP Address,71.229.152.54,100,1616,True,2020-08-24 12:56:54,R_2q4NVu1UJSetn1g,,,,,39.7321014404296875,-104.95549774169921875,anonymous,EN,RP-0221,8,boy,,155,247,"yes ",300,270,5,,,,433,269,"no ",,,,315,260,2,192,278,"yes ",465,255,6,,,,159,271,"yes ",464,265,6,,,,446,256,"no ",,,,306,274,2,432,271,"no ",,,,160,284,3,171,271,"yes ",462,274,6,,,,433,270,"no ",,,,311,264,2,443,252,"no ",,,,468,251,1,423,271,"no ",,,,310,266,2,466,269,"no ",,,,170,277,"3 ",427,277,"no ",,,,310,252,2,142,260,"yes ",477,235,6,,,,431,257,"no ",,,,309,243,2,178,270,"yes ",310,266,5,,,,421,287,"no ",,,,152,262,3,430,248,"no ",,,,164,265,3,Because it lives in the water and you can't find them really easily,172,266,"yes ",307,285,"5 ",,,,431,246,"no ",,,,455,260,1,4,16
2020-08-25 08:10:25,2020-08-25 08:47:22,IP Address,71.229.152.54,100,2216,True,2020-08-25 08:47:22,R_2fCpp4aE8hiijG9,,,,,39.7321014404296875,-104.95549774169921875,anonymous,EN,9477,4,girl,,444,273,"no ",,,,171,272,3,156,264,"yes ",303,264,"5  ",,,,167,270,"yes ",311,265,5,,,,163,236,"yes ",483,242,6,,,,177,262,"yes ",483,248,6,,,,403,269,"no ",,,,449,256,1,161,268,"yes ",477,271,6,,,,400,259,"no ",,,,461,249,1,447,262,"no ",,,,160,267,3,176,255,"yes ",492,241,6,,,,430,271,"no ",,,,447,265,1,436,261,"no ",,,,302,265,2,412,288,"no ",,,,449,225,1,461,257,"no ",,,,433,243,1,178,276,"yes ",455,282,6,,,,171,252,"yes ",308,278,5,,,,165,260,"yes ",483,243,6,,,,Because he knows how to say owl,432,281,"no ",,,,295,242,2,433,253,"no ",,,,458,256,1,3,16
2020-08-25 11:15:11,2020-08-25 11:41:55,IP Address,71.229.152.54,100,1604,True,2020-08-25 11:41:56,R_1EfV8C03lWkv0Ba,,,,,39.7321014404296875,-104.95549774169921875,anonymous,EN,9245,7,boy,,165,251,"yes ",480,238,6,,,,439,276,"no ",,,,449,230,1,182,274,"yes ",311,281,5,,,,191,281,"yes ",320,267,"5 ",,,,177,279,"yes ",487,257,6,,,,177,271,"yes ",295,270,5,,,,452,258,"no ",,,,312,249,2,426,266,"no ",,,,298,258,2,439,289,"no ",,,,308,279,2,157,264,"yes ",166,275,4,,,,404,268,"no ",,,,152,284,"3 ",438,263,"no ",,,,163,267,3,138,268,"yes ",462,274,6,,,,429,271,"no ",,,,441,234,1,184,263,"yes ",461,265,6,,,,174,257,"yes ",476,274,6,,,,162,255,"yes ",472,275,6,,,,Because his dad said that a fish splashed in the lake that they passed by,429,258,"no ",,,,303,257,2,443,273,"no ",,,,455,237,1,2,16
2020-08-26 08:22:38,2020-08-26 08:43:18,IP Address,107.3.121.49,100,1240,True,2020-08-26 08:43:19,R_sbe510KOH1WWJ5n,,,,,41.4499969482421875,-70.59369659423828125,anonymous,EN,8856,6,girl,,168,260,"yes ",305,265,5,,,,438,273,"no ",,,,448,249,1,159,256,"yes ",292,258,5,,,,173,243,"yes ",476,251,6,,,,434,254,"no ",,,,305,245,2,432,253,"no ",,,,305,250,2,441,251,"no ",,,,307,251,2,161,258,"yes ",293,256,5,,,,162,248,"yes ",300,257,5,,,,439,251,"no ",,,,150,276,3,155,259,"yes ",477,258,6,,,,427,280,"no ",,,,465,242,1,165,263,"yes ",164,269,4,,,,164,252,"yes ",462,257,6,,,,161,258,"yes ",165,270,4,,,,184,248,"yes ",302,256,5,,,,436,271,"no ",,,,297,252,2,Because it's a short word,156,257,"yes ",476,262,6,,,,421,270,"no ",,,,454,258,1,3,16
2020-08-26 08:44:00,2020-08-26 08:57:12,IP Address,107.3.121.49,100,792,True,2020-08-26 08:57:12,R_21bKbaKy6jCwpVm,,,,,41.4499969482421875,-70.59369659423828125,anonymous,EN,8857,4,boy,,433,262,"no ",,,,444,258,1,445,258,"no ",,,,308,254,2,441,273,"no ",,,,159,278,3,157,266,"yes ",457,247,6,,,,167,240,"yes ",490,243,6,,,,445,249,"no ",,,,451,248,1,455,261,"no ",,,,470,240,1,149,251,"yes ",489,262,6,,,,439,270,"no ",,,,154,269,3,174,254,"yes ",482,240,6,,,,436,278,"no ",,,,456,245,1,437,262,"no ",,,,442,234,1,146,271,"yes ",463,258,6,,,,446,272,"no ",,,,451,238,1,174,254,"yes ",475,249,6,,,,176,252,"yes ",469,239,6,,,,444,264,"no ",,,,469,241,1,,428,259,"no ",,,,313,277,2,431,270,"no ",,,,461,245,1,2,16
2020-08-26 08:57:30,2020-08-26 09:09:37,IP Address,107.3.121.49,100,726,True,2020-08-26 09:09:37,R_1rrkBhTlCNmuOXr,,,,,41.4499969482421875,-70.59369659423828125,anonymous,EN,8857,8,girl,,167,261,"yes ",477,248,6,,,,440,278,"no ",,,,449,252,1,160,261,"yes ",460,227,6,,,,159,237,"yes ",477,235,6,,,,155,263,"yes ",472,245,6,,,,157,261,"yes ",305,267,5,,,,417,256,"no ",,,,456,248,1,434,262,"no ",,,,307,256,2,438,266,"no ",,,,468,252,1,435,292,"no ",,,,454,247,1,173,258,"yes ",478,238,6,,,,427,247,"no ",,,,456,238,1,167,252,"yes ",470,270,6,,,,447,255,"no ",,,,298,265,2,148,271,"yes ",292,261,5,,,,147,264,"yes ",482,245,6,,,,163,256,"yes ",300,259,5,,,,I don't know,161,259,"yes ",480,255,6,,,,437,259,"no ",,,,455,241,1,2,16
2020-08-19 10:24:54,2020-08-19 10:37:12,IP Address,73.74.200.45,28,737,False,2020-08-26 10:37:24,R_21hrKk5oeyqkNJE,,,,,,,anonymous,EN,,,,Do not log this response,167,262,"yes ",486,248,6,,,,438,270,"no ",,,,454,238,1,,,,,,,,,,,,,,,,,,,,,,,,,,,,,,,,,,,,,,,,,,,,,,,,,,,,,,,,,,,,,,,,,,,,,,,,,,,,,,,,,,,,,,,,,,,,,,,,,,,,,,,,,,,,,430,257,"no ",,,,306,257,2,,,,,,,,,,,,,,,,,,,,,,,,,,,,,,,,,,,,,,,2
2020-08-26 10:46:08,2020-08-26 11:21:07,IP Address,71.229.152.54,100,2098,True,2020-08-26 11:21:07,R_5BCszYa62SLo2uR,,,,,39.7321014404296875,-104.95549774169921875,anonymous,EN,"7533 ",5,boy,,182,258,"yes ",307,267,5,,,,443,265,"no ",,,,315,270,2,169,259,"yes ",311,276,5,,,,165,281,"yes ",467,252,6,,,,195,271,"yes ",295,270,5,,,,158,255,"yes ",167,272,4,,,,174,269,"yes ",161,274,4,,,,169,249,"yes ",141,270,4,,,,457,266,"no ",,,,305,264,2,441,266,"no ",,,,313,238,2,153,261,"yes ",305,264,5,,,,427,269,"no ",,,,168,276,3,422,290,"no ",,,,166,269,3,429,256,"no ",,,,160,282,3,169,246,"yes ",152,265,4,,,,163,250,"yes ",295,263,5,,,,449,246,"no ",,,,160,260,3,Because they might have it for a pet,410,250,"no ",,,,308,252,2,455,252,"no ",,,,457,257,1,3,16
2020-08-27 09:51:44,2020-08-27 10:01:58,IP Address,71.229.152.54,100,613,True,2020-08-27 10:01:58,R_11Yoem6AhBF2eWh,,,,,39.7321014404296875,-104.95549774169921875,anonymous,EN,6905,6,boy,,432,247,"no ",,,,303,256,2,461,267,"no ",,,,449,251,1,175,260,"yes ",465,272,6,,,,473,261,"no ",,,,455,253,1,165,251,"yes ",482,254,6,,,,440,248,"no ",,,,453,274,1,437,272,"no ",,,,166,280,3,425,287,"no ",,,,455,258,1,456,245,"no ",,,,457,257,1,407,276,"no ",,,,477,250,1,460,258,"no ",,,,164,278,"3 ",420,256,"no ",,,,466,251,1,162,247,"yes ",155,282,4,,,,420,266,"no ",,,,442,266,1,406,267,"no ",,,,482,252,1,158,235,"yes ",468,254,6,,,,460,265,"no ",,,,450,265,1,"Because it mostly comes out at night ",143,257,"yes ",467,254,6,,,,452,255,"no ",,,,482,235,1,5,16
2020-08-27 10:07:17,2020-08-27 10:14:25,IP Address,71.229.152.54,100,428,True,2020-08-27 10:14:25,R_2tfCjpNMyvLfX5G,,,,,39.7321014404296875,-104.95549774169921875,anonymous,EN,Sham run for kid that wanted another game,,,Do not log this response,174,253,"yes ",482,271,6,,,,430,260,"no ",,,,452,241,1,174,273,"yes ",500,245,6,,,,188,261,"yes ",496,287,6,,,,181,273,"yes ",485,246,6,,,,429,271,"no ",,,,304,248,2,188,273,"yes ",318,253,5,,,,428,279,"no ",,,,299,239,2,411,254,"no ",,,,313,253,2,174,260,"yes ",509,258,6,,,,176,257,"yes ",481,272,6,,,,421,258,"no ",,,,463,261,1,174,256,"yes ",301,271,5,,,,170,245,"yes ",480,247,6,,,,179,272,"yes ",298,249,5,,,,184,255,"yes ",520,280,6,,,,168,244,"yes ",306,276,5,,,,Most of the questions I answered becuase I was thinking about when I first learned the word turtle but it could be different because we are diffrent people,173,270,"yes ",471,265,6,,,,458,271,"no ",,,,470,255,1,4-6,16
2020-08-27 13:18:25,2020-08-27 13:46:39,IP Address,107.3.121.49,100,1693,True,2020-08-27 13:46:39,R_25YeqfxhXkY23rJ,,,,,41.4499969482421875,-70.59369659423828125,anonymous,EN,7673,7,boy,,172,249,"yes ",302,277,5,,,,436,269,"no ",,,,456,235,1,155,253,"yes ",483,263,6,,,,153,260,"yes ",474,248,6,,,,157,256,"yes ",477,261,6,,,,442,263,"no ",,,,161,268,3,430,259,"no ",,,,452,236,1,428,255,"no ",,,,164,252,3,429,274,"no ",,,,308,268,2,143,259,"yes ",173,271,4,,,,164,264,"yes ",475,259,6,,,,434,259,"no ",,,,158,281,3,438,254,"no ",,,,313,259,2,435,255,"no ",,,,311,264,2,442,270,"no ",,,,159,266,3,156,253,"yes ",477,267,6,,,,432,262,"no ",,,,299,260,2,"el-e-phant, only find them in the zoo",,,,,,,,,,432,272,"no ",,,,455,237,1,"around 2, 3, or 4",16
2020-08-27 14:44:37,2020-08-27 14:50:48,IP Address,205.208.121.227,100,371,True,2020-08-27 14:50:49,R_3CJfF5vOkmCQu5X,,,,,41.8018035888671875,-87.59929656982421875,anonymous,EN,RP-0226,7,boy,,167,262,"yes ",469,234,6,,,,423,271,"no ",,,,306,245,2,143,237,"yes ",482,261,6,,,,180,254,"yes ",505,254,6,,,,168,241,"yes ",306,267,5,,,,169,247,"yes ",297,284,5,,,,414,304,"no ",,,,320,266,2,432,242,"no ",,,,313,257,2,439,274,"no ",,,,301,264,2,411,278,"no ",,,,306,264,2,186,263,"yes ",451,269,6,,,,426,283,"no ",,,,447,262,1,152,255,"yes ",320,272,5,,,,427,266,"no ",,,,305,301,2,182,274,"yes ",301,251,5,,,,161,250,"yes ",464,263,6,,,,436,236,"no ",,,,332,261,2,Because gorillas are really rare animals and lots of babies don't know about them,160,260,"yes ",318,279,"5 ",,,,438,294,"no ",,,,447,227,1,3 or 4,16
2020-08-28 07:46:02,2020-08-28 08:09:38,IP Address,205.208.121.247,100,1416,True,2020-08-28 08:09:39,R_vAh9fLVQwhV6unD,,,,,41.8018035888671875,-87.59929656982421875,anonymous,EN,5913,6,girl,,162,266,"yes ",156,276,4,,,,424,272,"no ",,,,481,247,1,145,245,"yes ",450,282,6,,,,175,258,"yes ",297,281,"5 ",,,,168,269,"yes ",477,269,6,,,,443,312,"no ",,,,159,260,3,173,264,"yes ",463,280,6,,,,151,231,"yes ",305,256,5,,,,424,281,"no ",,,,301,271,2,161,249,"yes ",473,267,6,,,,138,250,"yes ",157,261,4,,,,448,275,"no ",,,,163,270,3,173,258,"yes ",154,288,4,,,,436,292,"no ",,,,166,278,3,214,271,"yes ",469,262,6,,,,178,266,"yes ",491,261,6,,,,145,241,"yes ",480,284,6,,,,because i thought he might think it was something else,144,238,"yes ",474,271,6,,,,168,246,"yes ",152,271,4,,,,3,16
2020-08-28 08:13:25,2020-08-28 08:29:25,IP Address,205.208.121.247,100,959,True,2020-08-28 08:29:25,R_3kzFO1bIsGWQRl5,,,,,41.8018035888671875,-87.59929656982421875,anonymous,EN,7474,5,boy,,440,267,"no ",,,,451,255,1,421,283,"no ",,,,320,272,2,186,276,"yes ",465,278,6,,,,136,253,"yes ",470,235,6,,,,167,261,"yes ",174,281,4,,,,166,255,"yes ",470,238,6,,,,447,270,"no ",,,,440,255,1,423,280,"no ",,,,170,274,3,162,270,"yes ",470,252,6,,,,173,263,"yes ",470,267,6,,,,429,270,"no ",,,,170,280,"3 ",171,255,"yes ",302,277,5,,,,153,260,"yes ",470,265,6,,,,134,255,"yes ",467,272,6,,,,145,249,"yes ",473,265,6,,,,144,244,"yes ",461,261,6,,,,414,278,"no ",,,,452,253,1,because he does not know what a beak is called,435,288,"no ",,,,173,262,"3 ",435,274,"no ",,,,163,267,3,10,16
2020-08-31 08:56:49,2020-08-31 09:16:10,IP Address,107.3.121.49,100,1160,True,2020-08-31 09:16:10,R_b2zLwNzkWM0i7Xr,,,,,41.4499969482421875,-70.59369659423828125,anonymous,EN,4921,7,girl,,144,248,"yes ",304,269,5,,,,442,267,"no ",,,,452,247,1,151,268,"yes ",305,258,5,,,,169,243,"yes ",299,268,"5 ",,,,162,254,"yes ",155,271,4,,,,168,265,"yes ",312,270,5,,,,161,257,"yes ",156,274,4,,,,432,258,"no ",,,,309,258,2,437,270,"no ",,,,310,254,2,155,246,"yes ",156,273,4,,,,176,258,"yes ",313,262,5,,,,428,251,"no ",,,,306,263,2,423,276,"no ",,,,307,251,2,147,260,"yes ",470,245,6,,,,447,256,"no ",,,,160,266,3,175,249,"yes ",298,260,5,,,,446,288,"no ",,,,159,259,3,"Because I think I knew that when I was around 3, I knew what a pig was",171,256,"yes ",158,267,"4 ",,,,439,259,"no ",,,,463,235,1,3 or 2,16
2020-08-31 09:47:20,2020-08-31 10:10:07,IP Address,71.229.152.54,100,1366,True,2020-08-31 10:10:08,R_1kULD6wyyNvAtJc,,,,,39.7301025390625,-104.90779876708984375,anonymous,EN,7391,5,boy,,175,261,"yes ",293,269,5,,,,163,250,"yes ",302,260,"5  ",,,,441,261,"no ",,,,305,263,2,172,258,"yes ",294,254,"5 ",,,,169,259,"yes ",302,270,5,,,,157,265,"yes ",317,269,5,,,,171,264,"yes ",291,277,5,,,,167,253,"yes ",313,278,5,,,,437,272,"no ",,,,294,258,2,452,272,"no ",,,,309,280,2,133,254,"yes ",310,254,5,,,,166,266,"yes ",312,266,5,,,,165,261,"yes ",318,258,5,,,,429,275,"no ",,,,307,248,2,447,271,"no ",,,,296,294,2,167,271,"yes ",302,298,5,,,,158,277,"yes ",313,271,5,,,,"Cat, it sounded hard",144,237,"yes ",309,253,"5 ",,,,429,286,"no ",,,,464,252,1,2,16
2020-08-31 10:10:40,2020-08-31 10:24:33,IP Address,71.229.152.54,100,833,True,2020-08-31 10:24:33,R_1Kv9Yzsl11gKvle,,,,,39.7301025390625,-104.90779876708984375,anonymous,EN,4875,8,boy,,439,293,"no ",,,,464,267,1,457,256,"no ",,,,454,266,1,162,269,"yes ",482,261,6,,,,149,272,"yes ",440,255,6,,,,174,275,"yes ",158,275,4,,,,470,260,"no ",,,,453,246,1,441,262,"no ",,,,462,241,1,445,288,"no ",,,,476,252,1,182,265,"yes ",157,270,4,,,,434,261,"no ",,,,459,274,1,442,276,"no ",,,,450,237,1,436,275,"no ",,,,474,244,1,428,273,"no ",,,,458,231,1,426,253,"no ",,,,483,230,1,432,269,"no ",,,,473,244,1,411,273,"no ",,,,450,271,1,448,267,"no ",,,,477,262,1,Cause he doesn't know how to talk,154,242,"yes ",144,268,"4 ",,,,191,256,"yes ",490,284,6,,,,100,16
2020-08-31 15:50:20,2020-08-31 16:25:11,IP Address,71.229.152.54,100,2091,True,2020-08-31 16:25:12,R_2QLMXBg8DCR70SE,,,,,39.7301025390625,-104.90779876708984375,anonymous,EN,9282,4,boy,,468,280,"no ",,,,447,269,1,441,252,"no ",,,,169,280,3,165,280,"yes ",167,286,4,,,,403,278,"no ",,,,168,265,3,437,268,"no ",,,,156,283,3,173,267,"yes ",161,299,4,,,,442,284,"no ",,,,148,258,3,166,240,"yes ",155,277,4,,,,174,257,"yes ",154,260,4,,,,170,258,"yes ",144,267,4,,,,421,256,"no ",,,,145,281,"3 ",410,264,"no ",,,,166,292,3,438,268,"no ",,,,313,253,2,142,269,"yes ",321,272,5,,,,161,265,"yes ",156,287,4,,,,169,280,"yes ",317,272,5,,,,447,266,"no ",,,,153,291,3,I don't know,159,278,"yes ",477,255,6,,,,447,251,"no ",,,,460,234,1,3,16
2020-09-01 15:47:11,2020-09-01 16:14:57,IP Address,71.229.152.54,100,1665,True,2020-09-01 16:14:57,R_3EZ4TybKWy8Vqsj,,,,,39.7301025390625,-104.90779876708984375,anonymous,EN,10084,4,girl,,433,254,"no ",,,,178,283,3,167,243,"yes ",322,261,"5  ",,,,438,279,"no ",,,,162,279,3,450,283,"no ",,,,148,273,3,189,289,"yes ",468,261,6,,,,170,254,"yes ",493,243,6,,,,444,288,"no ",,,,306,280,2,450,269,"no ",,,,297,241,2,444,250,"no ",,,,157,283,3,175,279,"yes ",470,258,6,,,,166,245,"yes ",145,257,4,,,,149,234,"yes ",149,277,4,,,,172,261,"yes ",161,278,4,,,,168,261,"yes ",467,229,6,,,,194,261,"yes ",486,245,6,,,,151,253,"yes ",479,281,6,,,,154,258,"yes ",169,281,4,,,,I don't know,181,260,"yes ",152,275,"4 ",,,,462,290,"no ",,,,461,240,1,I don't know,16
2020-09-04 10:57:20,2020-09-04 11:32:59,IP Address,71.229.152.54,100,2138,True,2020-09-04 11:32:59,R_1JQmGDBu1BBgXML,,,,,39.7301025390625,-104.90779876708984375,anonymous,EN,9179,6,girl,,165,249,"yes ",475,263,6,,,,443,271,"no ",,,,454,265,1,175,265,"yes ",454,260,6,,,,139,247,"yes ",481,257,6,,,,416,275,"no ",,,,468,232,1,161,272,"yes ",465,278,6,,,,160,274,"yes ",515,263,6,,,,167,260,"yes ",498,262,6,,,,392,279,"no ",,,,447,237,1,461,263,"no ",,,,467,234,1,139,254,"yes ",481,256,6,,,,420,271,"no ",,,,442,268,1,171,255,"yes ",484,261,6,,,,393,269,"no ",,,,454,255,1,427,268,"no ",,,,446,280,1,169,270,"yes ",492,262,6,,,,422,266,"no ",,,,448,259,1,because fish swim under the ocean,178,270,"yes ",449,261,6,,,,441,260,"no ",,,,467,263,1,1,16
2020-10-06 15:29:35,2020-10-06 15:51:53,IP Address,73.209.174.99,100,1337,True,2020-10-06 15:51:53,R_2fwxQCBodAHLAvV,,,,,41.8018035888671875,-87.59929656982421875,anonymous,EN,7862,7,girl,,170,276,"yes ",490,262,6,,,,463,256,"no ",,,,285,261,2,161,246,"yes ",310,276,5,,,,178,249,"yes ",492,254,6,,,,156,250,"yes ",479,295,6,,,,156,278,"yes ",307,268,5,,,,458,266,"no ",,,,319,259,2,436,271,"no ",,,,450,240,1,447,275,"no ",,,,464,281,1,412,273,"no ",,,,166,279,3,142,250,"yes ",451,271,6,,,,405,262,"no ",,,,490,245,1,166,254,"yes ",293,271,5,,,,156,261,"yes ",318,253,5,,,,457,266,"no ",,,,159,266,3,177,255,"yes ",492,268,6,,,,149,262,"yes ",326,282,5,,,,because its similar to cat,178,247,"yes ",300,271,"5 ",,,,448,285,"no ",,,,465,264,1,2,16
2020-10-09 08:10:18,2020-10-09 08:57:20,IP Address,205.208.121.208,100,2821,True,2020-10-09 08:57:20,R_zYnkxyax2ujcU6d,,,,,41.7821044921875,-87.6045989990234375,anonymous,EN,"8302 ",5,girl,,182,254,"yes ",157,272,4,,,,429,274,"no ",,,,473,270,1,175,253,"yes ",314,261,5,,,,145,251,"yes ",470,251,6,,,,175,261,"yes ",165,270,4,,,,449,292,"no ",,,,445,279,1,417,256,"no ",,,,301,248,2,436,265,"no ",,,,294,249,2,429,282,"no ",,,,449,261,1,427,246,"no ",,,,312,270,2,155,230,"yes ",307,271,5,,,,444,264,"no ",,,,484,250,1,422,268,"no ",,,,312,255,2,420,255,"no ",,,,311,229,2,430,239,"no ",,,,313,281,2,149,250,"yes ",334,272,5,,,,440,258,"no ",,,,295,252,2,I don't know,455,273,"no ",,,,304,280,2,434,276,"no ",,,,450,258,1,3 or 4,16
2020-10-09 14:48:27,2020-10-09 15:12:30,IP Address,73.209.174.99,100,1442,True,2020-10-09 15:12:30,R_VKbdTuAgaDmlALD,,,,,41.8018035888671875,-87.59929656982421875,anonymous,EN,9678,5,girl,,179,269,"yes ",465,268,6,,,,433,278,"no ",,,,453,242,1,171,269,"yes ",480,277,6,,,,159,250,"yes ",479,255,6,,,,162,257,"yes ",480,258,6,,,,152,279,"yes ",301,277,5,,,,184,276,"yes ",484,258,6,,,,171,264,"yes ",507,253,6,,,,460,259,"no ",,,,462,251,1,167,266,"yes ",159,281,4,,,,165,248,"yes ",484,286,6,,,,424,283,"no ",,,,475,222,1,162,257,"yes ",474,280,6,,,,162,253,"yes ",480,237,6,,,,187,277,"yes ",466,263,6,,,,139,243,"yes ",467,257,6,,,,161,275,"yes ",461,266,6,,,,Because he doesn't know how to talk yet,183,256,"yes ",472,299,6,,,,460,267,"no ",,,,465,251,1,5,16
2020-10-12 16:20:51,2020-10-12 16:35:21,IP Address,73.209.174.99,100,870,True,2020-10-12 16:35:21,R_5itlMTaeG0UbD0J,,,,,41.8018035888671875,-87.59929656982421875,anonymous,EN,Sham run for 9F,,,Do not log this response,173,252,"yes ",474,218,6,,,,451,263,"no ",,,,474,231,1,188,249,"yes ",461,268,6,,,,162,251,"yes ",483,258,6,,,,182,258,"yes ",457,258,6,,,,438,283,"no ",,,,448,246,1,186,246,"yes ",319,270,5,,,,452,281,"no ",,,,457,265,1,428,288,"no ",,,,473,251,1,437,268,"no ",,,,458,259,1,169,255,"yes ",482,245,6,,,,448,273,"no ",,,,459,251,1,424,259,"no ",,,,452,259,1,397,279,"no ",,,,457,285,1,432,276,"no ",,,,461,274,1,427,277,"no ",,,,304,275,2,409,273,"no ",,,,464,265,1,"Because its probably too long for him to remember ",175,275,"yes ",301,284,"5 ",,,,453,247,"no ",,,,439,240,1,2,16
2020-10-14 14:17:28,2020-10-14 14:43:50,IP Address,73.209.174.99,100,1581,True,2020-10-14 14:43:51,R_2eWpgIZyveObZpa,,,,,41.8018035888671875,-87.59929656982421875,anonymous,EN,10109,4,girl,,160,274,"yes ",180,270,4,,,,157,274,"yes ",477,266,6,,,,178,240,"yes ",492,254,6,,,,158,250,"yes ",154,279,4,,,,166,259,"yes ",487,268,6,,,,160,270,"yes ",466,265,6,,,,165,257,"yes ",462,249,6,,,,163,248,"yes ",160,282,4,,,,186,260,"yes ",474,281,6,,,,148,274,"yes ",158,278,4,,,,183,252,"yes ",471,258,6,,,,162,256,"yes ",319,274,5,,,,131,255,"yes ",151,285,4,,,,194,235,"yes ",296,273,5,,,,170,259,"yes ",500,303,6,,,,151,247,"yes ",296,272,5,,,,156,254,"yes ",452,242,6,,,,i dont know,138,229,"yes ",448,259,6,,,,138,262,"yes ",475,264,6,,,,dont know,16
2020-10-14 14:45:20,2020-10-14 15:05:09,IP Address,73.209.174.99,100,1189,True,2020-10-14 15:05:10,R_2sTKqTGI7GZYWKL,,,,,41.8018035888671875,-87.59929656982421875,anonymous,EN,10108,5,girl,,153,254,"yes ",465,250,6,,,,457,240,"no ",,,,453,267,1,429,257,"no ",,,,301,281,2,165,284,"yes ",434,282,6,,,,441,290,"no ",,,,305,271,2,148,255,"yes ",491,265,6,,,,441,269,"no ",,,,176,276,3,163,274,"yes ",177,276,4,,,,135,266,"yes ",154,276,4,,,,417,294,"no ",,,,312,278,2,165,250,"yes ",162,290,4,,,,465,269,"no ",,,,439,247,1,163,268,"yes ",132,270,4,,,,415,287,"no ",,,,292,279,2,447,236,"no ",,,,456,240,1,157,271,"yes ",148,276,4,,,,427,267,"no ",,,,456,246,1,dont know,433,284,"no ",,,,454,257,1,435,264,"no ",,,,470,242,1,5,16
2020-10-15 14:32:33,2020-10-15 14:54:20,IP Address,76.16.227.226,100,1306,True,2020-10-15 14:54:20,R_3FIPJFCrC3w0Mjk,,,,,41.923004150390625,-87.7530975341796875,anonymous,EN,11726,6,boy,,177,256,"yes ",465,268,6,,,,427,266,"no ",,,,468,247,1,180,250,"yes ",483,258,6,,,,129,273,"yes ",469,270,6,,,,145,257,"yes ",481,257,6,,,,169,264,"yes ",501,266,6,,,,451,282,"no ",,,,455,249,1,431,266,"no ",,,,461,247,1,433,255,"no ",,,,449,224,1,156,256,"yes ",450,264,6,,,,177,252,"yes ",500,265,6,,,,434,244,"no ",,,,434,239,1,180,260,"yes ",463,245,6,,,,152,269,"yes ",486,242,6,,,,160,261,"yes ",496,263,6,,,,164,274,"yes ",455,254,6,,,,178,282,"yes ",471,250,6,,,,bc a lot of people know the names of ducks,429,278,"no ",,,,448,249,1,467,260,"no ",,,,459,231,1,3,16
2020-10-16 14:44:40,2020-10-16 15:10:02,IP Address,73.209.174.99,100,1522,True,2020-10-16 15:10:02,R_1Du7hIymWIlHQvm,,,,,41.8018035888671875,-87.59929656982421875,anonymous,EN,"9058 ",8,girl,,172,255,"yes ",476,269,6,,,,423,251,"no ",,,,463,252,1,164,255,"yes ",306,279,5,,,,175,261,"yes ",447,252,6,,,,180,270,"yes ",479,270,6,,,,449,279,"no ",,,,307,267,2,454,258,"no ",,,,296,258,2,441,274,"no ",,,,467,254,1,454,273,"no ",,,,307,279,2,401,284,"no ",,,,163,269,3,171,258,"yes ",160,287,4,,,,446,296,"no ",,,,463,222,1,433,242,"no ",,,,299,259,2,459,274,"no ",,,,322,257,2,407,271,"no ",,,,179,272,3,193,263,"yes ",465,288,6,,,,427,256,"no ",,,,316,267,2,Because if he doesnt know the word piano then if he could know the word raccoon then he would know the word piano because raccoon is like the level of piano,179,257,"yes ",294,276,"5 ",,,,433,264,"no ",,,,458,255,1,3 or 4,16
2020-10-19 09:26:39,2020-10-19 09:38:30,IP Address,76.16.227.226,100,711,True,2020-10-19 09:38:31,R_AFN57zXSTAEEnLP,,,,,41.923004150390625,-87.7530975341796875,anonymous,EN,10518,8,boy,,83,254,"yes ",477,268,6,,,,442,257,"no ",,,,453,248,1,157,260,"yes ",460,238,6,,,,137,260,"yes ",483,275,6,,,,148,274,"yes ",485,250,6,,,,421,261,"no ",,,,461,229,1,445,264,"no ",,,,472,230,1,426,252,"no ",,,,301,256,2,435,284,"no ",,,,478,237,1,184,242,"yes ",462,262,6,,,,441,270,"no ",,,,162,275,"3 ",429,279,"no ",,,,472,231,1,440,264,"no ",,,,458,258,1,154,265,"yes ",465,269,6,,,,163,254,"yes ",156,275,4,,,,154,255,"yes ",470,252,6,,,,429,257,"no ",,,,450,227,1,because it's a long word,417,253,"no ",,,,165,268,"3 ",451,255,"no ",,,,446,235,1,3,16
2020-10-19 09:53:56,2020-10-19 10:02:04,IP Address,76.16.227.226,100,487,True,2020-10-19 10:02:04,R_wXYKYHjVjbDC4WR,,,,,41.923004150390625,-87.7530975341796875,anonymous,EN,10517 (9),,,Do not log this response,161,250,"yes ",486,249,6,,,,451,264,"no ",,,,456,251,1,424,261,"no ",,,,302,279,2,150,262,"yes ",486,247,6,,,,453,292,"no ",,,,450,227,1,432,274,"no ",,,,464,254,1,150,260,"yes ",456,244,6,,,,441,266,"no ",,,,299,251,2,156,269,"yes ",154,275,4,,,,442,249,"no ",,,,462,239,1,160,243,"yes ",297,290,5,,,,418,262,"no ",,,,429,237,1,433,265,"no ",,,,309,266,2,449,270,"no ",,,,457,242,1,142,287,"yes ",462,237,6,,,,168,250,"yes ",468,252,6,,,,169,243,"yes ",477,242,6,,,,"I think bc it has 4 legs, should be able be a dog. little sister she is 4 and we have a dog and she knows its a dog",174,265,"yes ",485,266,6,,,,442,264,"no ",,,,462,255,1,2,16
2020-10-19 10:10:49,2020-10-19 10:12:05,IP Address,76.16.227.226,100,75,True,2020-10-19 10:12:05,R_2rIADsotKn2JQXZ,,,,,41.923004150390625,-87.7530975341796875,anonymous,EN,,,,Do not log this response,164,260,"yes ",475,254,6,,,,432,258,"no ",,,,453,234,1,162,255,"yes ",475,252,6,,,,152,254,"yes ",478,251,6,,,,425,259,"no ",,,,304,253,2,171,251,"yes ",293,262,5,,,,440,254,"no ",,,,454,238,1,437,253,"no ",,,,446,233,1,431,268,"no ",,,,452,236,1,448,260,"no ",,,,304,256,2,427,257,"no ",,,,303,257,2,438,262,"no ",,,,449,231,1,431,254,"no ",,,,306,255,2,433,263,"no ",,,,465,232,1,438,252,"no ",,,,304,254,2,441,263,"no ",,,,166,264,3,431,270,"no ",,,,157,269,3,test (test of retake to fix exp logging errors),158,261,"yes ",472,251,6,,,,432,264,"no ",,,,450,244,1,3,16
2020-10-19 10:17:59,2020-10-19 10:19:33,IP Address,76.16.227.226,100,93,True,2020-10-19 10:19:33,R_1jUt9bgYc3J7lVU,,,,,41.923004150390625,-87.7530975341796875,anonymous,EN,10516,4,girl,,439,284,"no ",,,,456,248,1,464,264,"no ",,,,455,245,1,449,276,"no ",,,,299,260,2,443,251,"no ",,,,476,245,1,458,270,"no ",,,,454,255,1,453,263,"no ",,,,456,246,1,444,262,"no ",,,,165,272,3,460,280,"no ",,,,165,274,3,442,256,"no ",,,,458,243,1,432,264,"no ",,,,317,239,2,450,252,"no ",,,,294,256,2,444,267,"no ",,,,457,241,1,429,254,"no ",,,,176,261,3,442,266,"no ",,,,475,244,1,452,270,"no ",,,,307,253,2,436,264,"no ",,,,306,258,2,423,245,"no ",,,,466,249,1,because ducks are my favorite [some parent interference on this q],422,259,"no ",,,,163,273,"3 ",436,268,"no ",,,,174,269,3,2  [lot of parent input/interference on this q],16
2020-10-20 15:49:36,2020-10-20 15:58:12,IP Address,205.208.121.194,100,515,True,2020-10-20 15:58:13,R_2CmuhYE7PmrvlF7,,,,,41.8018035888671875,-87.59929656982421875,anonymous,EN,RP-0248,6,boy,,176,277,"yes ",468,249,6,,,,444,267,"no ",,,,464,242,1,163,292,"yes ",473,270,6,,,,163,253,"yes ",471,233,6,,,,480,253,"no ",,,,467,238,1,439,262,"no ",,,,452,249,1,426,274,"no ",,,,464,258,1,447,256,"no ",,,,464,241,1,424,251,"no ",,,,478,236,1,157,257,"yes ",480,274,6,,,,140,275,"yes ",465,286,6,,,,414,266,"no ",,,,163,280,3,151,252,"yes ",481,255,6,,,,423,268,"no ",,,,470,259,1,433,244,"no ",,,,448,262,1,447,279,"no ",,,,450,261,1,146,246,"yes ",312,286,5,,,,Cause I think he saw it before and his mom or dad told him,453,278,"no ",,,,457,249,1,452,252,"no ",,,,477,234,1,3,16
2020-10-21 10:21:17,2020-10-21 12:14:05,IP Address,76.16.227.226,100,6768,True,2020-10-21 12:14:07,R_1r6B9Vx8DFsnfxI,,,,,41.923004150390625,-87.7530975341796875,anonymous,EN,RP-0238,4,girl,,438,260,"no ",,,,158,270,3,413,263,"no ",,,,156,267,3,145,244,"yes ",456,250,6,,,,169,239,"yes ",166,281,4,,,,147,283,"yes ",309,261,5,,,,150,252,"yes ",466,261,6,,,,148,257,"yes ",312,262,5,,,,174,258,"yes ",487,250,6,,,,416,267,"no ",,,,453,238,1,432,257,"no ",,,,159,267,3,165,245,"yes ",153,265,4,,,,433,256,"no ",,,,166,268,3,456,272,"no ",,,,300,261,2,164,246,"yes ",308,256,5,,,,177,248,"yes ",156,274,4,,,,168,256,"yes ",480,261,6,,,,165,240,"yes ",154,276,4,,,,I'm not sure,439,243,"no ",,,,149,265,"3 ",450,263,"no ",,,,444,221,1,2,16
2020-10-21 13:54:40,2020-10-21 14:23:56,IP Address,73.209.174.99,100,1755,True,2020-10-21 14:23:56,R_3fjC7c0KUWZsKRH,,,,,41.8018035888671875,-87.59929656982421875,anonymous,EN,8552,8,boy,,161,251,"yes ",308,282,5,,,,428,275,"no ",,,,469,257,1,162,266,"yes ",479,283,6,,,,172,250,"yes ",498,280,6,,,,180,237,"yes ",300,293,5,,,,435,269,"no ",,,,470,257,1,457,251,"no ",,,,464,251,1,419,277,"no ",,,,435,250,1,415,291,"no ",,,,472,233,1,159,256,"yes ",454,273,6,,,,158,283,"yes ",513,276,6,,,,465,268,"no ",,,,468,222,1,422,278,"no ",,,,447,264,1,437,271,"no ",,,,450,258,1,447,296,"no ",,,,462,252,1,179,258,"yes ",475,268,6,,,,425,260,"no ",,,,453,277,1,"Because it has four letters and it is a very easy word to pronounce ",455,269,"no ",,,,475,267,1,428,250,"no ",,,,457,248,1,2,16
2020-10-21 14:38:37,2020-10-21 15:17:19,IP Address,73.209.174.99,100,2321,True,2020-10-21 15:17:19,R_2wMmrvm0tku0tC8,,,,,41.8018035888671875,-87.59929656982421875,anonymous,EN,4710,8,boy,,169,271,"yes ",311,258,5,,,,448,267,"no ",,,,453,247,1,143,252,"yes ",322,256,5,,,,179,263,"yes ",478,225,6,,,,172,269,"yes ",317,271,5,,,,424,256,"no ",,,,167,284,3,428,271,"no ",,,,311,273,2,454,257,"no ",,,,442,272,1,442,251,"no ",,,,450,281,1,447,273,"no ",,,,307,250,2,170,249,"yes ",316,257,5,,,,427,281,"no ",,,,298,252,2,399,281,"no ",,,,166,287,3,192,274,"yes ",164,269,4,,,,197,252,"yes ",318,274,5,,,,154,268,"yes ",302,291,5,,,,426,252,"no ",,,,296,262,2,"Because leopards look similar to cheetas so he might get confused ",153,257,"yes ",160,279,"4 ",,,,439,284,"no ",,,,482,245,1,"3 years old ",16
2020-10-22 13:50:11,2020-10-22 14:20:16,IP Address,76.16.227.226,100,1804,True,2020-10-22 14:20:16,R_2zGQJ6L89pxMRo4,,,,,41.923004150390625,-87.7530975341796875,anonymous,EN,RP-0245,8,girl,,168,266,"yes ",480,256,6,,,,418,275,"no ",,,,475,254,1,146,274,"yes ",298,266,5,,,,168,262,"yes ",488,246,6,,,,153,264,"yes ",315,268,5,,,,448,274,"no ",,,,316,251,2,433,273,"no ",,,,445,236,1,444,263,"no ",,,,456,238,1,423,255,"no ",,,,311,253,2,153,257,"yes ",155,283,4,,,,431,291,"no ",,,,162,270,"3 ",453,285,"no ",,,,453,264,1,445,265,"no ",,,,312,265,2,448,272,"no ",,,,302,253,2,166,271,"yes ",303,269,5,,,,150,258,"yes ",147,263,4,,,,439,251,"no ",,,,309,261,2,b/c dogs are everywhere,166,268,"yes ",304,275,"5 ",,,,426,259,"no ",,,,463,234,1,4,16
2020-10-26 14:34:00,2020-10-26 15:06:27,IP Address,73.209.174.99,100,1947,True,2020-10-26 15:06:28,R_Uo5D0JeBodfBA0V,,,,,41.8018035888671875,-87.59929656982421875,anonymous,EN,10124,4,boy,,167,240,"yes ",460,261,6,,,,439,276,"no ",,,,173,291,3,161,255,"yes ",498,258,6,,,,171,256,"yes ",478,257,6,,,,152,266,"yes ",469,245,6,,,,185,265,"yes ",305,277,5,,,,409,297,"no ",,,,443,232,1,431,262,"no ",,,,179,272,3,445,288,"no ",,,,455,232,1,420,274,"no ",,,,168,277,3,182,271,"yes ",477,246,6,,,,414,260,"no ",,,,454,250,1,186,256,"yes ",462,257,6,,,,168,277,"yes ",478,251,6,,,,174,244,"yes ",302,267,5,,,,170,274,"yes ",482,263,6,,,,165,268,"yes ",476,278,6,,,,Because it had a longer beak than a bird,163,250,"yes ",473,248,6,,,,403,282,"no ",,,,463,240,1,2,16
2020-10-28 10:20:02,2020-10-28 10:49:13,IP Address,76.16.227.226,100,1750,True,2020-10-28 10:49:13,R_2zT3gT0Hu8b641m,,,,,41.923004150390625,-87.7530975341796875,anonymous,EN,9299,4,girl,,167,260,"yes ",459,257,6,,,,450,265,"no ",,,,165,269,3,434,270,"no ",,,,302,248,2,173,245,"yes ",475,249,6,,,,435,278,"no ",,,,312,259,2,150,248,"yes ",150,279,4,,,,434,257,"no ",,,,301,258,2,188,239,"yes ",308,276,5,,,,167,273,"yes ",161,273,4,,,,442,266,"no ",,,,323,255,2,433,268,"no ",,,,157,266,"3 ",432,249,"no ",,,,315,271,2,174,269,"yes ",472,256,6,,,,438,261,"no ",,,,160,274,3,182,249,"yes ",481,252,6,,,,163,253,"yes ",161,268,4,,,,438,256,"no ",,,,457,238,1,,412,263,"no ",,,,158,270,"3 ",432,272,"no ",,,,479,240,1,3,16
2020-10-28 10:57:52,2020-10-28 11:28:09,IP Address,76.16.227.226,100,1816,True,2020-10-28 11:28:09,R_31sWJ8mnK8YlYkt,,,,,41.923004150390625,-87.7530975341796875,anonymous,EN,9516 - sham,4,boy,Do not log this response,140,243,"yes ",313,264,5,,,,451,252,"no ",,,,461,234,1,157,256,"yes ",477,259,6,,,,174,242,"yes ",309,257,"5 ",,,,154,264,"yes ",472,259,6,,,,,,,,,,,,,175,245,"yes ",464,242,6,,,,449,260,"no ",,,,319,246,2,,,,,,,,,,159,272,"yes ",480,289,6,,,,166,254,"yes ",485,228,6,,,,,,,,,,,,,158,268,"yes ",484,239,6,,,,,,,,,,,,,436,290,"no ",,,,303,258,2,,,,,,,,,,139,258,"yes ",309,278,5,,,,,,,,,,,,,,,,,,,,,,,,11
2020-10-28 15:18:08,2020-10-28 15:58:08,IP Address,73.209.174.99,100,2399,True,2020-10-28 15:58:08,R_3gZaXMneApymqNt,,,,,41.8018035888671875,-87.59929656982421875,anonymous,EN,"10588 ",5,girl,,446,267,"no ",,,,166,282,3,461,239,"no ",,,,455,262,1,177,270,"yes ",471,267,6,,,,185,266,"yes ",462,244,6,,,,195,276,"yes ",475,274,6,,,,175,267,"yes ",468,272,6,,,,446,267,"no ",,,,161,281,3,430,266,"no ",,,,457,258,1,430,271,"no ",,,,463,248,1,185,257,"yes ",170,277,4,,,,171,239,"yes ",466,295,6,,,,428,284,"no ",,,,465,244,1,415,268,"no ",,,,457,265,1,377,307,"no ",,,,334,258,2,462,267,"no ",,,,447,256,1,114,268,"yes ",483,266,6,,,,452,268,"no ",,,,452,276,1,I don't know,135,229,"yes ",472,247,6,,,,440,248,"no ",,,,467,254,1,4,16
2020-10-28 16:02:39,2020-10-28 16:25:00,IP Address,73.209.174.99,100,1340,True,2020-10-28 16:25:00,R_1LFionq1YbgbMTz,,,,,41.8018035888671875,-87.59929656982421875,anonymous,EN,"9712 ",5,boy,,166,268,"yes ",296,268,5,,,,454,286,"no ",,,,163,290,3,428,266,"no ",,,,312,263,2,176,267,"yes ",490,263,6,,,,178,272,"yes ",504,271,6,,,,442,258,"no ",,,,461,254,1,446,246,"no ",,,,423,255,1,440,266,"no ",,,,451,239,1,437,274,"no ",,,,480,226,1,157,264,"yes ",479,279,6,,,,154,272,"yes ",294,294,5,,,,448,271,"no ",,,,324,271,2,165,246,"yes ",485,258,6,,,,425,262,"no ",,,,300,250,2,155,262,"yes ",489,271,6,,,,190,260,"yes ",477,265,6,,,,155,258,"yes ",469,253,6,,,,because he maybe he didn't know how to say it,457,274,"no ",,,,444,269,1,464,251,"no ",,,,446,230,1,3,16
2020-11-02 15:33:49,2020-11-02 16:14:32,IP Address,73.209.174.99,100,2442,True,2020-11-02 16:14:32,R_2YWbNn61gWLTnqE,,,,,41.8018035888671875,-87.59929656982421875,anonymous,EN,10702,5,girl,,181,253,"yes ",498,249,6,,,,447,271,"no ",,,,481,228,1,177,256,"yes ",478,250,6,,,,184,256,"yes ",486,251,6,,,,169,269,"yes ",161,297,4,,,,429,265,"no ",,,,469,229,1,457,257,"no ",,,,465,230,1,446,276,"no ",,,,460,272,1,445,254,"no ",,,,304,268,2,428,308,"no ",,,,441,249,1,168,253,"yes ",470,274,6,,,,418,289,"no ",,,,463,262,1,439,278,"no ",,,,308,274,2,445,266,"no ",,,,441,270,1,426,286,"no ",,,,452,256,1,129,263,"yes ",146,280,4,,,,440,284,"no ",,,,176,294,3,Because the word is too long,430,256,"no ",,,,466,230,1,425,272,"no ",,,,463,232,1,3,16
2020-10-28 11:33:18,2020-10-28 13:08:28,IP Address,76.16.227.226,99,5709,False,2020-11-04 12:08:49,R_2U4zw0wWrU86QO9,,,,,,,anonymous,EN,test,7,boy,Do not log this response,153,240,"yes ",474,243,6,,,,446,276,"no ",,,,313,266,2,421,252,"no ",,,,306,253,2,186,252,"yes ",473,251,6,,,,449,251,"no ",,,,316,262,2,426,265,"no ",,,,451,230,1,446,276,"no ",,,,461,237,1,442,253,"no ",,,,478,230,1,441,260,"no ",,,,457,254,1,164,271,"yes ",307,266,5,,,,436,255,"no ",,,,441,264,1,397,274,"no ",,,,437,270,1,174,245,"yes ",299,258,5,,,,449,274,"no ",,,,318,266,2,448,252,"no ",,,,455,236,1,434,271,"no ",,,,309,229,2,436,276,"no ",,,,440,256,1,because lobster is a hard word,446,249,"no ",,,,161,259,"3 ",446,273,"no ",,,,437,228,1,,16
2020-11-06 12:50:27,2020-11-06 13:25:48,IP Address,73.209.174.99,100,2121,True,2020-11-06 13:25:49,R_2rUcv0E6ouIW5JK,,,,,41.8018035888671875,-87.59929656982421875,anonymous,EN,7913,5,boy,,154,267,"yes ",319,259,5,,,,452,264,"no ",,,,308,272,2,170,255,"yes ",468,262,6,,,,178,266,"yes ",312,255,"5 ",,,,151,259,"yes ",467,257,6,,,,179,272,"yes ",171,281,4,,,,437,276,"no ",,,,324,263,2,412,242,"no ",,,,316,261,2,439,259,"no ",,,,305,267,2,403,260,"no ",,,,454,251,1,183,255,"yes ",457,250,6,,,,168,269,"yes ",169,267,4,,,,447,273,"no ",,,,161,272,3,,,,,,,,,,159,258,"yes ",290,266,5,,,,189,269,"yes ",460,257,6,,,,,,,,,,,,,"Because he just knows certain words ",183,267,"yes ",465,271,6,,,,415,261,"no ",,,,465,251,1,3,14
2020-10-31 14:07:17,2020-10-31 14:07:25,IP Address,73.209.174.99,8,7,False,2020-11-07 13:07:27,R_2VCn6crZw67RlBP,,,,,,,anonymous,EN,test,,,,,,,,,,,,,,,,,,,,,,,,,,,,,,,,,,,,,,,,,,,,,,,,,,,,,,,,,,,,,,,,,,,,,,,,,,,,,,,,,,,,,,,,,,,,,,,,,,,,,,,,,,,,,,,,,,,,,,,,,,,,,,,,,,,,,,,,,,,,,,,,,,,,,,,,,,,,,,,,,,,,,,,,,,,,,,,,,1
2020-11-01 16:11:39,2020-11-01 16:11:44,IP Address,73.209.174.99,8,5,False,2020-11-08 16:12:03,R_3EXeJAVfFyncCVE,,,,,,,anonymous,EN,,,,,,,,,,,,,,,,,,,,,,,,,,,,,,,,,,,,,,,,,,,,,,,,,,,,,,,,,,,,,,,,,,,,,,,,,,,,,,,,,,,,,,,,,,,,,,,,,,,,,,,,,,,,,,,,,,,,,,,,,,,,,,,,,,,,,,,,,,,,,,,,,,,,,,,,,,,,,,,,,,,,,,,,,,,,,,,,,,1
2020-11-12 13:55:06,2020-11-12 14:30:52,IP Address,73.209.174.99,100,2146,True,2020-11-12 14:30:53,R_V3eDFtclgTFgZIB,,,,,41.8018035888671875,-87.59929656982421875,anonymous,EN,"6939 ",6,boy,,189,250,"yes ",463,262,6,,,,424,273,"no ",,,,320,263,2,159,276,"yes ",503,246,6,,,,191,252,"yes ",470,249,6,,,,192,274,"yes ",306,267,5,,,,163,244,"yes ",321,276,5,,,,392,267,"no ",,,,449,270,1,433,248,"no ",,,,308,242,2,443,269,"no ",,,,468,238,1,178,275,"yes ",300,270,5,,,,172,245,"yes ",493,253,6,,,,455,241,"no ",,,,475,243,1,182,260,"yes ",446,271,6,,,,179,264,"yes ",489,233,6,,,,163,257,"yes ",473,272,6,,,,162,274,"yes ",290,262,5,,,,169,265,"yes ",313,273,5,,,,"Because its kind of like everyone knows that animal ",194,246,"yes ",491,242,6,,,,443,286,"no ",,,,448,262,1,3,16
2020-11-13 12:56:02,2020-11-13 13:32:37,IP Address,73.209.174.99,100,2194,True,2020-11-13 13:32:37,R_3HB3SzB467h9xCE,,,,,41.8018035888671875,-87.59929656982421875,anonymous,EN,"6974 ",5,girl,,154,253,"yes ",485,247,6,,,,439,266,"no ",,,,450,256,1,173,268,"yes ",299,270,5,,,,167,274,"yes ",179,255,4,,,,164,253,"yes ",154,280,4,,,,452,269,"no ",,,,156,278,3,445,274,"no ",,,,443,282,1,442,262,"no ",,,,494,236,1,445,277,"no ",,,,309,273,2,147,273,"yes ",473,245,6,,,,452,265,"no ",,,,167,303,"3 ",410,259,"no ",,,,178,285,3,152,256,"yes ",298,269,5,,,,426,275,"no ",,,,311,263,2,467,267,"no ",,,,310,288,2,193,259,"yes ",479,257,6,,,,442,283,"no ",,,,458,255,1,Because maybe he couldnt read it,192,247,"yes ",461,261,6,,,,409,276,"no ",,,,446,228,1,3,16
2020-11-13 14:40:13,2020-11-13 15:09:06,IP Address,73.209.174.99,100,1733,True,2020-11-13 15:09:06,R_2D6b2e2lQTziqlu,,,,,41.8018035888671875,-87.59929656982421875,anonymous,EN,9127,5,girl,,161,267,"yes ",162,277,4,,,,412,287,"no ",,,,303,260,2,427,255,"no ",,,,289,275,2,465,266,"no ",,,,158,267,3,410,278,"no ",,,,164,281,3,427,269,"no ",,,,163,271,3,426,294,"no ",,,,271,278,2,425,274,"no ",,,,322,258,2,432,302,"no ",,,,142,284,3,448,260,"no ",,,,154,277,3,426,287,"no ",,,,314,241,2,467,283,"no ",,,,145,267,3,415,266,"no ",,,,169,281,3,425,272,"no ",,,,306,263,2,419,266,"no ",,,,330,250,2,418,275,"no ",,,,164,277,3,430,284,"no ",,,,182,270,3,i dont know,142,257,"yes ",167,286,"4 ",,,,404,285,"no ",,,,455,235,1,2,16
2020-11-13 15:27:51,2020-11-13 15:52:21,IP Address,73.209.174.99,100,1470,True,2020-11-13 15:52:21,R_ewFR58JY6bUIhAR,,,,,41.8018035888671875,-87.59929656982421875,anonymous,EN,6392,6,girl,,178,264,"yes ",305,263,5,,,,434,275,"no ",,,,312,263,2,163,279,"yes ",445,260,6,,,,199,283,"yes ",470,259,6,,,,145,259,"yes ",165,273,4,,,,448,270,"no ",,,,150,284,3,450,266,"no ",,,,157,275,3,430,272,"no ",,,,151,265,3,445,259,"no ",,,,155,258,3,446,264,"no ",,,,165,277,3,183,288,"yes ",294,261,5,,,,444,263,"no ",,,,146,280,3,405,264,"no ",,,,313,265,2,164,275,"yes ",318,277,5,,,,186,258,"yes ",157,283,4,,,,187,262,"yes ",314,289,5,,,,173,260,"yes ",152,286,4,,,,I dont know,185,279,"yes ",145,282,"4 ",,,,438,260,"no ",,,,439,253,1,3,16
2020-11-19 07:54:49,2020-11-19 08:08:05,IP Address,73.209.174.99,100,795,True,2020-11-19 08:08:05,R_2RamxV7sImPyiFt,,,,,41.8018035888671875,-87.59929656982421875,anonymous,EN,"9562-sham for 9 ",8,girl,Do not log this response,150,257,"yes ",470,270,6,,,,425,272,"no ",,,,470,218,1,163,247,"yes ",516,284,6,,,,176,248,"yes ",494,229,6,,,,152,273,"yes ",464,256,6,,,,443,266,"no ",,,,314,276,2,463,271,"no ",,,,312,277,2,425,263,"no ",,,,451,252,1,429,265,"no ",,,,453,269,1,423,279,"no ",,,,318,280,2,170,260,"yes ",465,263,6,,,,430,268,"no ",,,,472,261,1,171,269,"yes ",311,259,5,,,,410,253,"no ",,,,314,274,2,425,250,"no ",,,,312,274,2,178,237,"yes ",478,276,6,,,,408,291,"no ",,,,312,281,2,He might see them around his block,416,275,"no ",,,,305,276,2,441,272,"no ",,,,465,273,1,3 or 4,16
2020-11-19 13:21:08,2020-11-19 13:37:08,IP Address,73.209.174.99,100,959,True,2020-11-19 13:37:08,R_31gcF7ZqzT32eaE,,,,,41.8018035888671875,-87.59929656982421875,anonymous,EN,RP-0264,6,girl,,172,256,"yes ",326,262,5,,,,391,278,"no ",,,,470,226,1,435,256,"no ",,,,323,263,2,172,262,"yes ",311,271,"5 ",,,,184,278,"yes ",162,287,4,,,,175,258,"yes ",308,274,5,,,,439,280,"no ",,,,,,,420,278,"no ",,,,446,253,1,456,294,"no ",,,,315,267,2,425,262,"no ",,,,323,264,2,141,251,"yes ",,,,,,,440,260,"no ",,,,313,269,2,163,262,"yes ",313,261,5,,,,450,282,"no ",,,,171,255,3,404,286,"no ",,,,476,275,1,431,273,"no ",,,,153,253,3,435,282,"no ",,,,162,270,3,"Because leopards are really big and not a lot of people would really know them, i didn't know them when i was a little kid",431,242,"no ",,,,172,283,"3 ",464,287,"no ",,,,460,242,1,4,16
2020-11-20 11:51:46,2020-11-20 12:08:35,IP Address,73.209.174.99,100,1009,True,2020-11-20 12:08:35,R_3MampfSb4WfmriN,,,,,41.8018035888671875,-87.59929656982421875,anonymous,EN,RP-0266,8,boy,Do not log this response,168,254,"yes ",469,256,6,,,,450,248,"no ",,,,439,247,1,174,263,"yes ",464,249,6,,,,182,257,"yes ",495,252,6,,,,154,257,"yes ",471,260,6,,,,145,241,"yes ",449,258,6,,,,170,257,"yes ",299,259,5,,,,425,241,"no ",,,,461,243,1,414,298,"no ",,,,479,226,1,161,247,"yes ",481,249,6,,,,174,285,"yes ",321,263,5,,,,444,268,"no ",,,,312,286,2,172,260,"yes ",450,264,6,,,,452,274,"no ",,,,310,273,2,190,253,"yes ",473,265,6,,,,180,269,"yes ",464,274,6,,,,200,284,"yes ",163,281,4,,,,"Because he probably has never seen one ",439,278,"no ",,,,308,270,2,443,273,"no ",,,,442,256,1,3,16
2020-11-20 11:51:40,2020-11-20 12:16:31,IP Address,73.209.174.99,100,1490,True,2020-11-20 12:16:31,R_21yWhBjUp63Y6FD,,,,,41.8018035888671875,-87.59929656982421875,anonymous,EN,RP-0265 (10F),8,girl,Do not log this response,171,259,"yes ",462,280,6,,,,411,268,"no ",,,,306,300,2,184,255,"yes ",474,258,6,,,,184,284,"yes ",465,264,6,,,,155,276,"yes ",467,264,6,,,,180,275,"yes ",303,262,5,,,,414,270,"no ",,,,174,273,3,443,271,"no ",,,,319,258,2,431,250,"no ",,,,434,236,1,163,278,"yes ",297,285,5,,,,175,268,"yes ",174,284,4,,,,448,276,"no ",,,,300,239,2,167,255,"yes ",172,293,4,,,,399,260,"no ",,,,167,255,3,152,249,"yes ",307,267,5,,,,176,264,"yes ",301,267,5,,,,442,285,"no ",,,,166,269,3,Because its a main animal that you learn young,149,251,"yes ",152,287,"4 ",,,,423,269,"no ",,,,476,219,1,3.5,16
2020-11-20 14:19:13,2020-11-20 14:40:06,IP Address,73.209.174.99,100,1253,True,2020-11-20 14:40:06,R_2zPhBJzuHqLmgCZ,,,,,41.8018035888671875,-87.59929656982421875,anonymous,EN,9692,6,boy,,180,250,"yes ",306,275,5,,,,453,271,"no ",,,,461,240,1,180,260,"yes ",506,264,6,,,,172,254,"yes ",476,264,6,,,,395,263,"no ",,,,452,232,1,154,259,"yes ",159,282,4,,,,428,256,"no ",,,,436,247,1,172,268,"yes ",489,266,6,,,,134,267,"yes ",496,267,6,,,,174,263,"yes ",462,258,6,,,,159,256,"yes ",454,267,6,,,,441,264,"no ",,,,457,241,1,454,243,"no ",,,,314,242,2,175,259,"yes ",448,266,6,,,,413,274,"no ",,,,173,273,3,433,255,"no ",,,,467,250,1,174,269,"yes ",456,270,6,,,,I dont know,188,265,"yes ",451,279,6,,,,432,264,"no ",,,,448,241,1,3,16
2020-11-23 08:45:07,2020-11-23 09:25:41,IP Address,73.209.174.99,100,2434,True,2020-11-23 09:25:42,R_2bHQNCU82MJNbCU,,,,,41.8018035888671875,-87.59929656982421875,anonymous,EN,RP-0274,6,girl,,172,261,"yes ",322,268,5,,,,448,267,"no ",,,,170,256,3,191,266,"yes ",315,245,5,,,,169,272,"yes ",316,276,"5 ",,,,441,272,"no ",,,,158,281,3,421,290,"no ",,,,171,271,3,430,264,"no ",,,,293,254,2,455,269,"no ",,,,149,262,3,432,284,"no ",,,,298,262,2,460,244,"no ",,,,301,258,2,178,266,"yes ",149,266,4,,,,156,279,"yes ",310,256,5,,,,160,285,"yes ",317,245,5,,,,440,260,"no ",,,,158,273,3,138,249,"yes ",306,285,5,,,,181,264,"yes ",152,274,4,,,,161,257,"yes ",164,276,4,,,,I dont know,450,258,"no ",,,,310,260,2,438,255,"no ",,,,173,277,3,3,16
2020-11-23 08:44:58,2020-11-23 09:43:48,IP Address,73.209.174.99,100,3529,True,2020-11-23 09:43:48,R_3G8o2f6WTPhPhQV,,,,,41.8018035888671875,-87.59929656982421875,anonymous,EN,RP-0273,6,girl,,156,274,"yes ",307,283,5,,,,421,288,"no ",,,,186,277,3,149,269,"yes ",307,286,5,,,,149,272,"yes ",158,280,4,,,,167,276,"yes ",289,255,5,,,,424,278,"no ",,,,178,281,3,171,290,"yes ",181,290,4,,,,420,277,"no ",,,,147,288,3,420,300,"no ",,,,310,276,2,431,280,"no ",,,,154,284,3,157,244,"yes ",288,272,5,,,,474,257,"no ",,,,447,255,1,417,265,"no ",,,,458,245,1,155,274,"yes ",131,279,4,,,,170,287,"yes ",155,263,4,,,,174,278,"yes ",481,243,6,,,,170,279,"yes ",318,279,5,,,,Because its small,418,273,"no ",,,,493,246,1,428,284,"no ",,,,477,233,1,4,16
2020-11-24 15:21:20,2020-11-24 15:35:22,IP Address,73.209.174.99,100,842,True,2020-11-24 15:35:22,R_2tccFhV0eOXKPlM,,,,,41.8018035888671875,-87.59929656982421875,anonymous,EN,10815,6,girl,,161,253,"yes ",471,272,6,,,,425,262,"no ",,,,462,280,1,180,256,"yes ",478,256,6,,,,154,261,"yes ",463,273,6,,,,171,230,"yes ",486,263,6,,,,171,250,"yes ",484,286,6,,,,158,261,"yes ",169,293,4,,,,451,271,"no ",,,,456,268,1,167,284,"yes ",303,262,5,,,,162,264,"yes ",466,257,6,,,,183,261,"yes ",309,271,5,,,,158,266,"yes ",305,270,5,,,,166,274,"yes ",468,250,6,,,,173,249,"yes ",457,261,6,,,,170,280,"yes ",506,267,6,,,,173,272,"yes ",483,262,6,,,,177,264,"yes ",487,273,6,,,,Because i think why because its the only animal that hoot,156,254,"yes ",469,221,6,,,,415,280,"no ",,,,462,261,1,3 or 4,16
