"","age","gender","id","word","judgment","h","percent_agreement","familiarity","complexity","aoa"
"1","4","boy",11,"cat",5,0,100,3,3.8,3.68
"2","4","boy",11,"dog",6,0,100,3.47,3.8,2.8
"3","4","boy",11,"duck",6,0.42,93,2.67,3.6,3.5
"4","4","boy",11,"elephant",6,0,100,2.93,4,4.8
"5","4","boy",11,"fish",5,0,100,2.93,3.13,4.05
"6","4","boy",11,"gorilla",6,1.18,70,2.47,4.13,5.74
"7","4","boy",11,"leopard",1,2.19,30,2.15,3.77,6.84
"8","4","boy",11,"lobster",4,1.12,53,2.08,4.62,7.44
"9","4","boy",11,"owl",4,0.22,93,1.83,4.03,6.21
"10","4","boy",11,"penguin",5,0,93,2.86,3.71,5.68
"11","4","boy",11,"pig",5,0,100,1.81,3.67,3.84
"12","4","boy",11,"raccoon",1,1.24,47,2.04,4.13,6.79
"13","4","boy",11,"snake",6,0.21,97,2.33,2.53,5.1
"14","4","boy",11,"turtle",6,0,100,2.73,3.33,4.17
"15","4","boy",11,"zebra",5,0,97,2.38,4.17,4.79
"16","4","boy",26,"cat",3,0,100,3,3.8,3.68
"17","4","boy",26,"dog",6,0,100,3.47,3.8,2.8
"18","4","boy",26,"duck",6,0.42,93,2.67,3.6,3.5
"19","4","boy",26,"elephant",1,0,100,2.93,4,4.8
"20","4","boy",26,"fish",6,0,100,2.93,3.13,4.05
"21","4","boy",26,"gorilla",1,1.18,70,2.47,4.13,5.74
"22","4","boy",26,"leopard",6,2.19,30,2.15,3.77,6.84
"23","4","boy",26,"lobster",3,1.12,53,2.08,4.62,7.44
"24","4","boy",26,"owl",6,0.22,93,1.83,4.03,6.21
"25","4","boy",26,"penguin",1,0,93,2.86,3.71,5.68
"26","4","boy",26,"pig",1,0,100,1.81,3.67,3.84
"27","4","boy",26,"raccoon",1,1.24,47,2.04,4.13,6.79
"28","4","boy",26,"snake",6,0.21,97,2.33,2.53,5.1
"29","4","boy",26,"turtle",6,0,100,2.73,3.33,4.17
"30","4","boy",26,"zebra",1,0,97,2.38,4.17,4.79
"31","4","boy",37,"cat",4,0,100,3,3.8,3.68
"32","4","boy",37,"dog",3,0,100,3.47,3.8,2.8
"33","4","boy",37,"duck",3,0.42,93,2.67,3.6,3.5
"34","4","boy",37,"elephant",4,0,100,2.93,4,4.8
"35","4","boy",37,"fish",5,0,100,2.93,3.13,4.05
"36","4","boy",37,"gorilla",3,1.18,70,2.47,4.13,5.74
"37","4","boy",37,"leopard",4,2.19,30,2.15,3.77,6.84
"38","4","boy",37,"lobster",4,1.12,53,2.08,4.62,7.44
"39","4","boy",37,"owl",4,0.22,93,1.83,4.03,6.21
"40","4","boy",37,"penguin",3,0,93,2.86,3.71,5.68
"41","4","boy",37,"pig",3,0,100,1.81,3.67,3.84
"42","4","boy",37,"raccoon",3,1.24,47,2.04,4.13,6.79
"43","4","boy",37,"snake",4,0.21,97,2.33,2.53,5.1
"44","4","boy",37,"turtle",2,0,100,2.73,3.33,4.17
"45","4","boy",37,"zebra",5,0,97,2.38,4.17,4.79
"46","4","boy",54,"cat",6,0,100,3,3.8,3.68
"47","4","boy",54,"dog",6,0,100,3.47,3.8,2.8
"48","4","boy",54,"duck",6,0.42,93,2.67,3.6,3.5
"49","4","boy",54,"elephant",5,0,100,2.93,4,4.8
"50","4","boy",54,"fish",6,0,100,2.93,3.13,4.05
"51","4","boy",54,"gorilla",1,1.18,70,2.47,4.13,5.74
"52","4","boy",54,"leopard",3,2.19,30,2.15,3.77,6.84
"53","4","boy",54,"lobster",1,1.12,53,2.08,4.62,7.44
"54","4","boy",54,"owl",3,0.22,93,1.83,4.03,6.21
"55","4","boy",54,"penguin",6,0,93,2.86,3.71,5.68
"56","4","boy",54,"pig",6,0,100,1.81,3.67,3.84
"57","4","boy",54,"raccoon",1,1.24,47,2.04,4.13,6.79
"58","4","boy",54,"snake",5,0.21,97,2.33,2.53,5.1
"59","4","boy",54,"turtle",6,0,100,2.73,3.33,4.17
"60","4","boy",54,"zebra",6,0,97,2.38,4.17,4.79
"61","4","girl",6,"cat",6,0,100,3,3.8,3.68
"62","4","girl",6,"dog",1,0,100,3.47,3.8,2.8
"63","4","girl",6,"duck",6,0.42,93,2.67,3.6,3.5
"64","4","girl",6,"elephant",4,0,100,2.93,4,4.8
"65","4","girl",6,"fish",2,0,100,2.93,3.13,4.05
"66","4","girl",6,"gorilla",5,1.18,70,2.47,4.13,5.74
"67","4","girl",6,"leopard",1,2.19,30,2.15,3.77,6.84
"68","4","girl",6,"lobster",6,1.12,53,2.08,4.62,7.44
"69","4","girl",6,"owl",6,0.22,93,1.83,4.03,6.21
"70","4","girl",6,"penguin",6,0,93,2.86,3.71,5.68
"71","4","girl",6,"pig",6,0,100,1.81,3.67,3.84
"72","4","girl",6,"raccoon",2,1.24,47,2.04,4.13,6.79
"73","4","girl",6,"snake",6,0.21,97,2.33,2.53,5.1
"74","4","girl",6,"turtle",6,0,100,2.73,3.33,4.17
"75","4","girl",6,"zebra",4,0,97,2.38,4.17,4.79
"76","4","girl",16,"cat",5,0,100,3,3.8,3.68
"77","4","girl",16,"dog",6,0,100,3.47,3.8,2.8
"78","4","girl",16,"duck",1,0.42,93,2.67,3.6,3.5
"79","4","girl",16,"elephant",4,0,100,2.93,4,4.8
"80","4","girl",16,"fish",6,0,100,2.93,3.13,4.05
"81","4","girl",16,"gorilla",4,1.18,70,2.47,4.13,5.74
"82","4","girl",16,"leopard",2,2.19,30,2.15,3.77,6.84
"83","4","girl",16,"lobster",5,1.12,53,2.08,4.62,7.44
"84","4","girl",16,"owl",2,0.22,93,1.83,4.03,6.21
"85","4","girl",16,"penguin",3,0,93,2.86,3.71,5.68
"86","4","girl",16,"pig",1,0,100,1.81,3.67,3.84
"87","4","girl",16,"raccoon",1,1.24,47,2.04,4.13,6.79
"88","4","girl",16,"snake",4,0.21,97,2.33,2.53,5.1
"89","4","girl",16,"turtle",6,0,100,2.73,3.33,4.17
"90","4","girl",16,"zebra",4,0,97,2.38,4.17,4.79
"91","4","girl",23,"cat",5,0,100,3,3.8,3.68
"92","4","girl",23,"dog",6,0,100,3.47,3.8,2.8
"93","4","girl",23,"duck",6,0.42,93,2.67,3.6,3.5
"94","4","girl",23,"elephant",1,0,100,2.93,4,4.8
"95","4","girl",23,"fish",5,0,100,2.93,3.13,4.05
"96","4","girl",23,"gorilla",6,1.18,70,2.47,4.13,5.74
"97","4","girl",23,"leopard",1,2.19,30,2.15,3.77,6.84
"98","4","girl",23,"lobster",3,1.12,53,2.08,4.62,7.44
"99","4","girl",23,"owl",6,0.22,93,1.83,4.03,6.21
"100","4","girl",23,"penguin",6,0,93,2.86,3.71,5.68
"101","4","girl",23,"pig",1,0,100,1.81,3.67,3.84
"102","4","girl",23,"raccoon",2,1.24,47,2.04,4.13,6.79
"103","4","girl",23,"snake",6,0.21,97,2.33,2.53,5.1
"104","4","girl",23,"turtle",1,0,100,2.73,3.33,4.17
"105","4","girl",23,"zebra",1,0,97,2.38,4.17,4.79
"106","4","girl",38,"cat",3,0,100,3,3.8,3.68
"107","4","girl",38,"dog",3,0,100,3.47,3.8,2.8
"108","4","girl",38,"duck",6,0.42,93,2.67,3.6,3.5
"109","4","girl",38,"elephant",6,0,100,2.93,4,4.8
"110","4","girl",38,"fish",6,0,100,2.93,3.13,4.05
"111","4","girl",38,"gorilla",2,1.18,70,2.47,4.13,5.74
"112","4","girl",38,"leopard",2,2.19,30,2.15,3.77,6.84
"113","4","girl",38,"lobster",3,1.12,53,2.08,4.62,7.44
"114","4","girl",38,"owl",6,0.22,93,1.83,4.03,6.21
"115","4","girl",38,"penguin",4,0,93,2.86,3.71,5.68
"116","4","girl",38,"pig",4,0,100,1.81,3.67,3.84
"117","4","girl",38,"raccoon",4,1.24,47,2.04,4.13,6.79
"118","4","girl",38,"snake",6,0.21,97,2.33,2.53,5.1
"119","4","girl",38,"turtle",4,0,100,2.73,3.33,4.17
"120","4","girl",38,"zebra",6,0,97,2.38,4.17,4.79
"121","4","girl",43,"cat",6,0,100,3,3.8,3.68
"122","4","girl",43,"dog",4,0,100,3.47,3.8,2.8
"123","4","girl",43,"duck",6,0.42,93,2.67,3.6,3.5
"124","4","girl",43,"elephant",6,0,100,2.93,4,4.8
"125","4","girl",43,"fish",5,0,100,2.93,3.13,4.05
"126","4","girl",43,"gorilla",6,1.18,70,2.47,4.13,5.74
"127","4","girl",43,"leopard",4,2.19,30,2.15,3.77,6.84
"128","4","girl",43,"lobster",6,1.12,53,2.08,4.62,7.44
"129","4","girl",43,"owl",4,0.22,93,1.83,4.03,6.21
"130","4","girl",43,"penguin",6,0,93,2.86,3.71,5.68
"131","4","girl",43,"pig",6,0,100,1.81,3.67,3.84
"132","4","girl",43,"raccoon",5,1.24,47,2.04,4.13,6.79
"133","4","girl",43,"snake",6,0.21,97,2.33,2.53,5.1
"134","4","girl",43,"turtle",4,0,100,2.73,3.33,4.17
"135","4","girl",43,"zebra",5,0,97,2.38,4.17,4.79
"136","4","girl",48,"cat",2,0,100,3,3.8,3.68
"137","4","girl",48,"dog",1,0,100,3.47,3.8,2.8
"138","4","girl",48,"duck",1,0.42,93,2.67,3.6,3.5
"139","4","girl",48,"elephant",1,0,100,2.93,4,4.8
"140","4","girl",48,"fish",2,0,100,2.93,3.13,4.05
"141","4","girl",48,"gorilla",3,1.18,70,2.47,4.13,5.74
"142","4","girl",48,"leopard",3,2.19,30,2.15,3.77,6.84
"143","4","girl",48,"lobster",1,1.12,53,2.08,4.62,7.44
"144","4","girl",48,"owl",2,0.22,93,1.83,4.03,6.21
"145","4","girl",48,"penguin",1,0,93,2.86,3.71,5.68
"146","4","girl",48,"pig",2,0,100,1.81,3.67,3.84
"147","4","girl",48,"raccoon",1,1.24,47,2.04,4.13,6.79
"148","4","girl",48,"snake",2,0.21,97,2.33,2.53,5.1
"149","4","girl",48,"turtle",3,0,100,2.73,3.33,4.17
"150","4","girl",48,"zebra",1,0,97,2.38,4.17,4.79
"151","4","girl",50,"cat",6,0,100,3,3.8,3.68
"152","4","girl",50,"dog",4,0,100,3.47,3.8,2.8
"153","4","girl",50,"duck",5,0.42,93,2.67,3.6,3.5
"154","4","girl",50,"elephant",6,0,100,2.93,4,4.8
"155","4","girl",50,"fish",6,0,100,2.93,3.13,4.05
"156","4","girl",50,"gorilla",5,1.18,70,2.47,4.13,5.74
"157","4","girl",50,"leopard",6,2.19,30,2.15,3.77,6.84
"158","4","girl",50,"lobster",1,1.12,53,2.08,4.62,7.44
"159","4","girl",50,"owl",3,0.22,93,1.83,4.03,6.21
"160","4","girl",50,"penguin",4,0,93,2.86,3.71,5.68
"161","4","girl",50,"pig",4,0,100,1.81,3.67,3.84
"162","4","girl",50,"raccoon",3,1.24,47,2.04,4.13,6.79
"163","4","girl",50,"snake",4,0.21,97,2.33,2.53,5.1
"164","4","girl",50,"turtle",2,0,100,2.73,3.33,4.17
"165","4","girl",50,"zebra",5,0,97,2.38,4.17,4.79
"166","4","girl",55,"cat",2,0,100,3,3.8,3.68
"167","4","girl",55,"dog",6,0,100,3.47,3.8,2.8
"168","4","girl",55,"duck",2,0.42,93,2.67,3.6,3.5
"169","4","girl",55,"elephant",4,0,100,2.93,4,4.8
"170","4","girl",55,"fish",4,0,100,2.93,3.13,4.05
"171","4","girl",55,"gorilla",2,1.18,70,2.47,4.13,5.74
"172","4","girl",55,"leopard",5,2.19,30,2.15,3.77,6.84
"173","4","girl",55,"lobster",4,1.12,53,2.08,4.62,7.44
"174","4","girl",55,"owl",2,0.22,93,1.83,4.03,6.21
"175","4","girl",55,"penguin",1,0,93,2.86,3.71,5.68
"176","4","girl",55,"pig",3,0,100,1.81,3.67,3.84
"177","4","girl",55,"raccoon",2,1.24,47,2.04,4.13,6.79
"178","4","girl",55,"snake",6,0.21,97,2.33,2.53,5.1
"179","4","girl",55,"turtle",6,0,100,2.73,3.33,4.17
"180","4","girl",55,"zebra",3,0,97,2.38,4.17,4.79
"181","5","boy",18,"cat",6,0,100,3,3.8,3.68
"182","5","boy",18,"dog",6,0,100,3.47,3.8,2.8
"183","5","boy",18,"duck",3,0.42,93,2.67,3.6,3.5
"184","5","boy",18,"elephant",6,0,100,2.93,4,4.8
"185","5","boy",18,"fish",6,0,100,2.93,3.13,4.05
"186","5","boy",18,"gorilla",2,1.18,70,2.47,4.13,5.74
"187","5","boy",18,"leopard",4,2.19,30,2.15,3.77,6.84
"188","5","boy",18,"lobster",1,1.12,53,2.08,4.62,7.44
"189","5","boy",18,"owl",6,0.22,93,1.83,4.03,6.21
"190","5","boy",18,"penguin",1,0,93,2.86,3.71,5.68
"191","5","boy",18,"pig",3,0,100,1.81,3.67,3.84
"192","5","boy",18,"raccoon",3,1.24,47,2.04,4.13,6.79
"193","5","boy",18,"snake",5,0.21,97,2.33,2.53,5.1
"194","5","boy",18,"turtle",6,0,100,2.73,3.33,4.17
"195","5","boy",18,"zebra",1,0,97,2.38,4.17,4.79
"196","5","boy",28,"cat",5,0,100,3,3.8,3.68
"197","5","boy",28,"dog",6,0,100,3.47,3.8,2.8
"198","5","boy",28,"duck",5,0.42,93,2.67,3.6,3.5
"199","5","boy",28,"elephant",4,0,100,2.93,4,4.8
"200","5","boy",28,"fish",5,0,100,2.93,3.13,4.05
"201","5","boy",28,"gorilla",4,1.18,70,2.47,4.13,5.74
"202","5","boy",28,"leopard",4,2.19,30,2.15,3.77,6.84
"203","5","boy",28,"lobster",2,1.12,53,2.08,4.62,7.44
"204","5","boy",28,"owl",2,0.22,93,1.83,4.03,6.21
"205","5","boy",28,"penguin",3,0,93,2.86,3.71,5.68
"206","5","boy",28,"pig",5,0,100,1.81,3.67,3.84
"207","5","boy",28,"raccoon",3,1.24,47,2.04,4.13,6.79
"208","5","boy",28,"snake",4,0.21,97,2.33,2.53,5.1
"209","5","boy",28,"turtle",3,0,100,2.73,3.33,4.17
"210","5","boy",28,"zebra",3,0,97,2.38,4.17,4.79
"211","5","boy",33,"cat",6,0,100,3,3.8,3.68
"212","5","boy",33,"dog",6,0,100,3.47,3.8,2.8
"213","5","boy",33,"duck",4,0.42,93,2.67,3.6,3.5
"214","5","boy",33,"elephant",6,0,100,2.93,4,4.8
"215","5","boy",33,"fish",6,0,100,2.93,3.13,4.05
"216","5","boy",33,"gorilla",1,1.18,70,2.47,4.13,5.74
"217","5","boy",33,"leopard",3,2.19,30,2.15,3.77,6.84
"218","5","boy",33,"lobster",6,1.12,53,2.08,4.62,7.44
"219","5","boy",33,"owl",6,0.22,93,1.83,4.03,6.21
"220","5","boy",33,"penguin",1,0,93,2.86,3.71,5.68
"221","5","boy",33,"pig",3,0,100,1.81,3.67,3.84
"222","5","boy",33,"raccoon",5,1.24,47,2.04,4.13,6.79
"223","5","boy",33,"snake",6,0.21,97,2.33,2.53,5.1
"224","5","boy",33,"turtle",6,0,100,2.73,3.33,4.17
"225","5","boy",33,"zebra",6,0,97,2.38,4.17,4.79
"226","5","boy",35,"cat",2,0,100,3,3.8,3.68
"227","5","boy",35,"dog",5,0,100,3.47,3.8,2.8
"228","5","boy",35,"duck",5,0.42,93,2.67,3.6,3.5
"229","5","boy",35,"elephant",5,0,100,2.93,4,4.8
"230","5","boy",35,"fish",5,0,100,2.93,3.13,4.05
"231","5","boy",35,"gorilla",5,1.18,70,2.47,4.13,5.74
"232","5","boy",35,"leopard",5,2.19,30,2.15,3.77,6.84
"233","5","boy",35,"lobster",2,1.12,53,2.08,4.62,7.44
"234","5","boy",35,"owl",2,0.22,93,1.83,4.03,6.21
"235","5","boy",35,"penguin",5,0,93,2.86,3.71,5.68
"236","5","boy",35,"pig",5,0,100,1.81,3.67,3.84
"237","5","boy",35,"raccoon",5,1.24,47,2.04,4.13,6.79
"238","5","boy",35,"snake",2,0.21,97,2.33,2.53,5.1
"239","5","boy",35,"turtle",5,0,100,2.73,3.33,4.17
"240","5","boy",35,"zebra",2,0,97,2.38,4.17,4.79
"241","5","boy",58,"cat",2,0,100,3,3.8,3.68
"242","5","boy",58,"dog",6,0,100,3.47,3.8,2.8
"243","5","boy",58,"duck",6,0.42,93,2.67,3.6,3.5
"244","5","boy",58,"elephant",1,0,100,2.93,4,4.8
"245","5","boy",58,"fish",6,0,100,2.93,3.13,4.05
"246","5","boy",58,"gorilla",1,1.18,70,2.47,4.13,5.74
"247","5","boy",58,"leopard",1,2.19,30,2.15,3.77,6.84
"248","5","boy",58,"lobster",1,1.12,53,2.08,4.62,7.44
"249","5","boy",58,"owl",6,0.22,93,1.83,4.03,6.21
"250","5","boy",58,"penguin",6,0,93,2.86,3.71,5.68
"251","5","boy",58,"pig",5,0,100,1.81,3.67,3.84
"252","5","boy",58,"raccoon",2,1.24,47,2.04,4.13,6.79
"253","5","boy",58,"snake",6,0.21,97,2.33,2.53,5.1
"254","5","boy",58,"turtle",6,0,100,2.73,3.33,4.17
"255","5","boy",58,"zebra",2,0,97,2.38,4.17,4.79
"256","5","girl",1,"cat",6,0,100,3,3.8,3.68
"257","5","girl",1,"dog",3,0,100,3.47,3.8,2.8
"258","5","girl",1,"duck",6,0.42,93,2.67,3.6,3.5
"259","5","girl",1,"elephant",1,0,100,2.93,4,4.8
"260","5","girl",1,"fish",6,0,100,2.93,3.13,4.05
"261","5","girl",1,"gorilla",4,1.18,70,2.47,4.13,5.74
"262","5","girl",1,"leopard",6,2.19,30,2.15,3.77,6.84
"263","5","girl",1,"lobster",5,1.12,53,2.08,4.62,7.44
"264","5","girl",1,"owl",4,0.22,93,1.83,4.03,6.21
"265","5","girl",1,"penguin",5,0,93,2.86,3.71,5.68
"266","5","girl",1,"pig",6,0,100,1.81,3.67,3.84
"267","5","girl",1,"raccoon",3,1.24,47,2.04,4.13,6.79
"268","5","girl",1,"snake",1,0.21,97,2.33,2.53,5.1
"269","5","girl",1,"turtle",2,0,100,2.73,3.33,4.17
"270","5","girl",1,"zebra",1,0,97,2.38,4.17,4.79
"271","5","girl",41,"cat",5,0,100,3,3.8,3.68
"272","5","girl",41,"dog",6,0,100,3.47,3.8,2.8
"273","5","girl",41,"duck",4,0.42,93,2.67,3.6,3.5
"274","5","girl",41,"elephant",1,0,100,2.93,4,4.8
"275","5","girl",41,"fish",5,0,100,2.93,3.13,4.05
"276","5","girl",41,"gorilla",2,1.18,70,2.47,4.13,5.74
"277","5","girl",41,"leopard",2,2.19,30,2.15,3.77,6.84
"278","5","girl",41,"lobster",1,1.12,53,2.08,4.62,7.44
"279","5","girl",41,"owl",2,0.22,93,1.83,4.03,6.21
"280","5","girl",41,"penguin",2,0,93,2.86,3.71,5.68
"281","5","girl",41,"pig",5,0,100,1.81,3.67,3.84
"282","5","girl",41,"raccoon",1,1.24,47,2.04,4.13,6.79
"283","5","girl",41,"snake",2,0.21,97,2.33,2.53,5.1
"284","5","girl",41,"turtle",2,0,100,2.73,3.33,4.17
"285","5","girl",41,"zebra",2,0,97,2.38,4.17,4.79
"286","5","girl",42,"cat",6,0,100,3,3.8,3.68
"287","5","girl",42,"dog",6,0,100,3.47,3.8,2.8
"288","5","girl",42,"duck",6,0.42,93,2.67,3.6,3.5
"289","5","girl",42,"elephant",5,0,100,2.93,4,4.8
"290","5","girl",42,"fish",6,0,100,2.93,3.13,4.05
"291","5","girl",42,"gorilla",6,1.18,70,2.47,4.13,5.74
"292","5","girl",42,"leopard",6,2.19,30,2.15,3.77,6.84
"293","5","girl",42,"lobster",1,1.12,53,2.08,4.62,7.44
"294","5","girl",42,"owl",4,0.22,93,1.83,4.03,6.21
"295","5","girl",42,"penguin",6,0,93,2.86,3.71,5.68
"296","5","girl",42,"pig",6,0,100,1.81,3.67,3.84
"297","5","girl",42,"raccoon",1,1.24,47,2.04,4.13,6.79
"298","5","girl",42,"snake",6,0.21,97,2.33,2.53,5.1
"299","5","girl",42,"turtle",6,0,100,2.73,3.33,4.17
"300","5","girl",42,"zebra",6,0,97,2.38,4.17,4.79
"301","5","girl",44,"cat",2,0,100,3,3.8,3.68
"302","5","girl",44,"dog",6,0,100,3.47,3.8,2.8
"303","5","girl",44,"duck",2,0.42,93,2.67,3.6,3.5
"304","5","girl",44,"elephant",6,0,100,2.93,4,4.8
"305","5","girl",44,"fish",4,0,100,2.93,3.13,4.05
"306","5","girl",44,"gorilla",3,1.18,70,2.47,4.13,5.74
"307","5","girl",44,"leopard",4,2.19,30,2.15,3.77,6.84
"308","5","girl",44,"lobster",4,1.12,53,2.08,4.62,7.44
"309","5","girl",44,"owl",2,0.22,93,1.83,4.03,6.21
"310","5","girl",44,"penguin",1,0,93,2.86,3.71,5.68
"311","5","girl",44,"pig",4,0,100,1.81,3.67,3.84
"312","5","girl",44,"raccoon",1,1.24,47,2.04,4.13,6.79
"313","5","girl",44,"snake",1,0.21,97,2.33,2.53,5.1
"314","5","girl",44,"turtle",4,0,100,2.73,3.33,4.17
"315","5","girl",44,"zebra",2,0,97,2.38,4.17,4.79
"316","5","girl",57,"cat",6,0,100,3,3.8,3.68
"317","5","girl",57,"dog",6,0,100,3.47,3.8,2.8
"318","5","girl",57,"duck",6,0.42,93,2.67,3.6,3.5
"319","5","girl",57,"elephant",6,0,100,2.93,4,4.8
"320","5","girl",57,"fish",6,0,100,2.93,3.13,4.05
"321","5","girl",57,"gorilla",3,1.18,70,2.47,4.13,5.74
"322","5","girl",57,"leopard",1,2.19,30,2.15,3.77,6.84
"323","5","girl",57,"lobster",1,1.12,53,2.08,4.62,7.44
"324","5","girl",57,"owl",4,0.22,93,1.83,4.03,6.21
"325","5","girl",57,"penguin",1,0,93,2.86,3.71,5.68
"326","5","girl",57,"pig",6,0,100,1.81,3.67,3.84
"327","5","girl",57,"raccoon",1,1.24,47,2.04,4.13,6.79
"328","5","girl",57,"snake",1,0.21,97,2.33,2.53,5.1
"329","5","girl",57,"turtle",1,0,100,2.73,3.33,4.17
"330","5","girl",57,"zebra",2,0,97,2.38,4.17,4.79
"331","5","girl",59,"cat",6,0,100,3,3.8,3.68
"332","5","girl",59,"dog",6,0,100,3.47,3.8,2.8
"333","5","girl",59,"duck",4,0.42,93,2.67,3.6,3.5
"334","5","girl",59,"elephant",1,0,100,2.93,4,4.8
"335","5","girl",59,"fish",4,0,100,2.93,3.13,4.05
"336","5","girl",59,"gorilla",1,1.18,70,2.47,4.13,5.74
"337","5","girl",59,"leopard",1,2.19,30,2.15,3.77,6.84
"338","5","girl",59,"lobster",2,1.12,53,2.08,4.62,7.44
"339","5","girl",59,"owl",1,0.22,93,1.83,4.03,6.21
"340","5","girl",59,"penguin",3,0,93,2.86,3.71,5.68
"341","5","girl",59,"pig",6,0,100,1.81,3.67,3.84
"342","5","girl",59,"raccoon",1,1.24,47,2.04,4.13,6.79
"343","5","girl",59,"snake",1,0.21,97,2.33,2.53,5.1
"344","5","girl",59,"turtle",2,0,100,2.73,3.33,4.17
"345","5","girl",59,"zebra",1,0,97,2.38,4.17,4.79
"346","5","girl",62,"cat",5,0,100,3,3.8,3.68
"347","5","girl",62,"dog",4,0,100,3.47,3.8,2.8
"348","5","girl",62,"duck",4,0.42,93,2.67,3.6,3.5
"349","5","girl",62,"elephant",3,0,100,2.93,4,4.8
"350","5","girl",62,"fish",6,0,100,2.93,3.13,4.05
"351","5","girl",62,"gorilla",1,1.18,70,2.47,4.13,5.74
"352","5","girl",62,"leopard",1,2.19,30,2.15,3.77,6.84
"353","5","girl",62,"lobster",2,1.12,53,2.08,4.62,7.44
"354","5","girl",62,"owl",6,0.22,93,1.83,4.03,6.21
"355","5","girl",62,"penguin",1,0,93,2.86,3.71,5.68
"356","5","girl",62,"pig",3,0,100,1.81,3.67,3.84
"357","5","girl",62,"raccoon",3,1.24,47,2.04,4.13,6.79
"358","5","girl",62,"snake",2,0.21,97,2.33,2.53,5.1
"359","5","girl",62,"turtle",5,0,100,2.73,3.33,4.17
"360","5","girl",62,"zebra",2,0,97,2.38,4.17,4.79
"361","5","girl",63,"cat",2,0,100,3,3.8,3.68
"362","5","girl",63,"dog",3,0,100,3.47,3.8,2.8
"363","5","girl",63,"duck",3,0.42,93,2.67,3.6,3.5
"364","5","girl",63,"elephant",3,0,100,2.93,4,4.8
"365","5","girl",63,"fish",3,0,100,2.93,3.13,4.05
"366","5","girl",63,"gorilla",2,1.18,70,2.47,4.13,5.74
"367","5","girl",63,"leopard",2,2.19,30,2.15,3.77,6.84
"368","5","girl",63,"lobster",3,1.12,53,2.08,4.62,7.44
"369","5","girl",63,"owl",3,0.22,93,1.83,4.03,6.21
"370","5","girl",63,"penguin",3,0,93,2.86,3.71,5.68
"371","5","girl",63,"pig",2,0,100,1.81,3.67,3.84
"372","5","girl",63,"raccoon",3,1.24,47,2.04,4.13,6.79
"373","5","girl",63,"snake",2,0.21,97,2.33,2.53,5.1
"374","5","girl",63,"turtle",3,0,100,2.73,3.33,4.17
"375","5","girl",63,"zebra",2,0,97,2.38,4.17,4.79
"376","6","boy",13,"cat",6,0,100,3,3.8,3.68
"377","6","boy",13,"dog",6,0,100,3.47,3.8,2.8
"378","6","boy",13,"duck",6,0.42,93,2.67,3.6,3.5
"379","6","boy",13,"elephant",6,0,100,2.93,4,4.8
"380","6","boy",13,"fish",6,0,100,2.93,3.13,4.05
"381","6","boy",13,"gorilla",1,1.18,70,2.47,4.13,5.74
"382","6","boy",13,"leopard",6,2.19,30,2.15,3.77,6.84
"383","6","boy",13,"lobster",1,1.12,53,2.08,4.62,7.44
"384","6","boy",13,"owl",6,0.22,93,1.83,4.03,6.21
"385","6","boy",13,"penguin",3,0,93,2.86,3.71,5.68
"386","6","boy",13,"pig",5,0,100,1.81,3.67,3.84
"387","6","boy",13,"raccoon",6,1.24,47,2.04,4.13,6.79
"388","6","boy",13,"snake",5,0.21,97,2.33,2.53,5.1
"389","6","boy",13,"turtle",1,0,100,2.73,3.33,4.17
"390","6","boy",13,"zebra",6,0,97,2.38,4.17,4.79
"391","6","boy",29,"cat",6,0,100,3,3.8,3.68
"392","6","boy",29,"dog",1,0,100,3.47,3.8,2.8
"393","6","boy",29,"duck",6,0.42,93,2.67,3.6,3.5
"394","6","boy",29,"elephant",1,0,100,2.93,4,4.8
"395","6","boy",29,"fish",6,0,100,2.93,3.13,4.05
"396","6","boy",29,"gorilla",3,1.18,70,2.47,4.13,5.74
"397","6","boy",29,"leopard",1,2.19,30,2.15,3.77,6.84
"398","6","boy",29,"lobster",1,1.12,53,2.08,4.62,7.44
"399","6","boy",29,"owl",1,0.22,93,1.83,4.03,6.21
"400","6","boy",29,"penguin",1,0,93,2.86,3.71,5.68
"401","6","boy",29,"pig",3,0,100,1.81,3.67,3.84
"402","6","boy",29,"raccoon",1,1.24,47,2.04,4.13,6.79
"403","6","boy",29,"snake",1,0.21,97,2.33,2.53,5.1
"404","6","boy",29,"turtle",4,0,100,2.73,3.33,4.17
"405","6","boy",29,"zebra",1,0,97,2.38,4.17,4.79
"406","6","boy",45,"cat",6,0,100,3,3.8,3.68
"407","6","boy",45,"dog",6,0,100,3.47,3.8,2.8
"408","6","boy",45,"duck",6,0.42,93,2.67,3.6,3.5
"409","6","boy",45,"elephant",6,0,100,2.93,4,4.8
"410","6","boy",45,"fish",6,0,100,2.93,3.13,4.05
"411","6","boy",45,"gorilla",1,1.18,70,2.47,4.13,5.74
"412","6","boy",45,"leopard",1,2.19,30,2.15,3.77,6.84
"413","6","boy",45,"lobster",1,1.12,53,2.08,4.62,7.44
"414","6","boy",45,"owl",6,0.22,93,1.83,4.03,6.21
"415","6","boy",45,"penguin",6,0,93,2.86,3.71,5.68
"416","6","boy",45,"pig",6,0,100,1.81,3.67,3.84
"417","6","boy",45,"raccoon",1,1.24,47,2.04,4.13,6.79
"418","6","boy",45,"snake",6,0.21,97,2.33,2.53,5.1
"419","6","boy",45,"turtle",6,0,100,2.73,3.33,4.17
"420","6","boy",45,"zebra",6,0,97,2.38,4.17,4.79
"421","6","boy",49,"cat",6,0,100,3,3.8,3.68
"422","6","boy",49,"dog",6,0,100,3.47,3.8,2.8
"423","6","boy",49,"duck",1,0.42,93,2.67,3.6,3.5
"424","6","boy",49,"elephant",1,0,100,2.93,4,4.8
"425","6","boy",49,"fish",1,0,100,2.93,3.13,4.05
"426","6","boy",49,"gorilla",1,1.18,70,2.47,4.13,5.74
"427","6","boy",49,"leopard",1,2.19,30,2.15,3.77,6.84
"428","6","boy",49,"lobster",1,1.12,53,2.08,4.62,7.44
"429","6","boy",49,"owl",6,0.22,93,1.83,4.03,6.21
"430","6","boy",49,"penguin",5,0,93,2.86,3.71,5.68
"431","6","boy",49,"pig",6,0,100,1.81,3.67,3.84
"432","6","boy",49,"raccoon",3,1.24,47,2.04,4.13,6.79
"433","6","boy",49,"snake",1,0.21,97,2.33,2.53,5.1
"434","6","boy",49,"turtle",6,0,100,2.73,3.33,4.17
"435","6","boy",49,"zebra",1,0,97,2.38,4.17,4.79
"436","6","boy",61,"cat",6,0,100,3,3.8,3.68
"437","6","boy",61,"dog",6,0,100,3.47,3.8,2.8
"438","6","boy",61,"duck",5,0.42,93,2.67,3.6,3.5
"439","6","boy",61,"elephant",5,0,100,2.93,4,4.8
"440","6","boy",61,"fish",5,0,100,2.93,3.13,4.05
"441","6","boy",61,"gorilla",1,1.18,70,2.47,4.13,5.74
"442","6","boy",61,"leopard",2,2.19,30,2.15,3.77,6.84
"443","6","boy",61,"lobster",1,1.12,53,2.08,4.62,7.44
"444","6","boy",61,"owl",5,0.22,93,1.83,4.03,6.21
"445","6","boy",61,"penguin",5,0,93,2.86,3.71,5.68
"446","6","boy",61,"pig",6,0,100,1.81,3.67,3.84
"447","6","boy",61,"raccoon",1,1.24,47,2.04,4.13,6.79
"448","6","boy",61,"snake",6,0.21,97,2.33,2.53,5.1
"449","6","boy",61,"turtle",6,0,100,2.73,3.33,4.17
"450","6","boy",61,"zebra",6,0,97,2.38,4.17,4.79
"451","6","boy",69,"cat",6,0,100,3,3.8,3.68
"452","6","boy",69,"dog",6,0,100,3.47,3.8,2.8
"453","6","boy",69,"duck",1,0.42,93,2.67,3.6,3.5
"454","6","boy",69,"elephant",4,0,100,2.93,4,4.8
"455","6","boy",69,"fish",1,0,100,2.93,3.13,4.05
"456","6","boy",69,"gorilla",1,1.18,70,2.47,4.13,5.74
"457","6","boy",69,"leopard",6,2.19,30,2.15,3.77,6.84
"458","6","boy",69,"lobster",6,1.12,53,2.08,4.62,7.44
"459","6","boy",69,"owl",6,0.22,93,1.83,4.03,6.21
"460","6","boy",69,"penguin",6,0,93,2.86,3.71,5.68
"461","6","boy",69,"pig",6,0,100,1.81,3.67,3.84
"462","6","boy",69,"raccoon",1,1.24,47,2.04,4.13,6.79
"463","6","boy",69,"snake",3,0.21,97,2.33,2.53,5.1
"464","6","boy",69,"turtle",2,0,100,2.73,3.33,4.17
"465","6","boy",69,"zebra",6,0,97,2.38,4.17,4.79
"466","6","girl",25,"cat",5,0,100,3,3.8,3.68
"467","6","girl",25,"dog",6,0,100,3.47,3.8,2.8
"468","6","girl",25,"duck",2,0.42,93,2.67,3.6,3.5
"469","6","girl",25,"elephant",2,0,100,2.93,4,4.8
"470","6","girl",25,"fish",5,0,100,2.93,3.13,4.05
"471","6","girl",25,"gorilla",2,1.18,70,2.47,4.13,5.74
"472","6","girl",25,"leopard",5,2.19,30,2.15,3.77,6.84
"473","6","girl",25,"lobster",5,1.12,53,2.08,4.62,7.44
"474","6","girl",25,"owl",3,0.22,93,1.83,4.03,6.21
"475","6","girl",25,"penguin",2,0,93,2.86,3.71,5.68
"476","6","girl",25,"pig",6,0,100,1.81,3.67,3.84
"477","6","girl",25,"raccoon",1,1.24,47,2.04,4.13,6.79
"478","6","girl",25,"snake",4,0.21,97,2.33,2.53,5.1
"479","6","girl",25,"turtle",4,0,100,2.73,3.33,4.17
"480","6","girl",25,"zebra",6,0,97,2.38,4.17,4.79
"481","6","girl",32,"cat",6,0,100,3,3.8,3.68
"482","6","girl",32,"dog",5,0,100,3.47,3.8,2.8
"483","6","girl",32,"duck",6,0.42,93,2.67,3.6,3.5
"484","6","girl",32,"elephant",3,0,100,2.93,4,4.8
"485","6","girl",32,"fish",6,0,100,2.93,3.13,4.05
"486","6","girl",32,"gorilla",6,1.18,70,2.47,4.13,5.74
"487","6","girl",32,"leopard",5,2.19,30,2.15,3.77,6.84
"488","6","girl",32,"lobster",2,1.12,53,2.08,4.62,7.44
"489","6","girl",32,"owl",6,0.22,93,1.83,4.03,6.21
"490","6","girl",32,"penguin",6,0,93,2.86,3.71,5.68
"491","6","girl",32,"pig",4,0,100,1.81,3.67,3.84
"492","6","girl",32,"raccoon",3,1.24,47,2.04,4.13,6.79
"493","6","girl",32,"snake",6,0.21,97,2.33,2.53,5.1
"494","6","girl",32,"turtle",4,0,100,2.73,3.33,4.17
"495","6","girl",32,"zebra",3,0,97,2.38,4.17,4.79
"496","6","girl",39,"cat",6,0,100,3,3.8,3.68
"497","6","girl",39,"dog",6,0,100,3.47,3.8,2.8
"498","6","girl",39,"duck",1,0.42,93,2.67,3.6,3.5
"499","6","girl",39,"elephant",6,0,100,2.93,4,4.8
"500","6","girl",39,"fish",6,0,100,2.93,3.13,4.05
"501","6","girl",39,"gorilla",6,1.18,70,2.47,4.13,5.74
"502","6","girl",39,"leopard",6,2.19,30,2.15,3.77,6.84
"503","6","girl",39,"lobster",1,1.12,53,2.08,4.62,7.44
"504","6","girl",39,"owl",1,0.22,93,1.83,4.03,6.21
"505","6","girl",39,"penguin",1,0,93,2.86,3.71,5.68
"506","6","girl",39,"pig",6,0,100,1.81,3.67,3.84
"507","6","girl",39,"raccoon",1,1.24,47,2.04,4.13,6.79
"508","6","girl",39,"snake",1,0.21,97,2.33,2.53,5.1
"509","6","girl",39,"turtle",6,0,100,2.73,3.33,4.17
"510","6","girl",39,"zebra",1,0,97,2.38,4.17,4.79
"511","6","girl",64,"cat",6,0,100,3,3.8,3.68
"512","6","girl",64,"dog",6,0,100,3.47,3.8,2.8
"513","6","girl",64,"duck",4,0.42,93,2.67,3.6,3.5
"514","6","girl",64,"elephant",3,0,100,2.93,4,4.8
"515","6","girl",64,"fish",5,0,100,2.93,3.13,4.05
"516","6","girl",64,"gorilla",3,1.18,70,2.47,4.13,5.74
"517","6","girl",64,"leopard",3,2.19,30,2.15,3.77,6.84
"518","6","girl",64,"lobster",3,1.12,53,2.08,4.62,7.44
"519","6","girl",64,"owl",3,0.22,93,1.83,4.03,6.21
"520","6","girl",64,"penguin",4,0,93,2.86,3.71,5.68
"521","6","girl",64,"pig",5,0,100,1.81,3.67,3.84
"522","6","girl",64,"raccoon",3,1.24,47,2.04,4.13,6.79
"523","6","girl",64,"snake",4,0.21,97,2.33,2.53,5.1
"524","6","girl",64,"turtle",2,0,100,2.73,3.33,4.17
"525","6","girl",64,"zebra",5,0,97,2.38,4.17,4.79
"526","6","girl",70,"cat",5,0,100,3,3.8,3.68
"527","6","girl",70,"dog",5,0,100,3.47,3.8,2.8
"528","6","girl",70,"duck",3,0.42,93,2.67,3.6,3.5
"529","6","girl",70,"elephant",3,0,100,2.93,4,4.8
"530","6","girl",70,"fish",4,0,100,2.93,3.13,4.05
"531","6","girl",70,"gorilla",2,1.18,70,2.47,4.13,5.74
"532","6","girl",70,"leopard",3,2.19,30,2.15,3.77,6.84
"533","6","girl",70,"lobster",2,1.12,53,2.08,4.62,7.44
"534","6","girl",70,"owl",2,0.22,93,1.83,4.03,6.21
"535","6","girl",70,"penguin",4,0,93,2.86,3.71,5.68
"536","6","girl",70,"pig",4,0,100,1.81,3.67,3.84
"537","6","girl",70,"raccoon",5,1.24,47,2.04,4.13,6.79
"538","6","girl",70,"snake",5,0.21,97,2.33,2.53,5.1
"539","6","girl",70,"turtle",5,0,100,2.73,3.33,4.17
"540","6","girl",70,"zebra",3,0,97,2.38,4.17,4.79
"541","6","girl",71,"cat",5,0,100,3,3.8,3.68
"542","6","girl",71,"dog",4,0,100,3.47,3.8,2.8
"543","6","girl",71,"duck",5,0.42,93,2.67,3.6,3.5
"544","6","girl",71,"elephant",3,0,100,2.93,4,4.8
"545","6","girl",71,"fish",6,0,100,2.93,3.13,4.05
"546","6","girl",71,"gorilla",4,1.18,70,2.47,4.13,5.74
"547","6","girl",71,"leopard",3,2.19,30,2.15,3.77,6.84
"548","6","girl",71,"lobster",2,1.12,53,2.08,4.62,7.44
"549","6","girl",71,"owl",3,0.22,93,1.83,4.03,6.21
"550","6","girl",71,"penguin",5,0,93,2.86,3.71,5.68
"551","6","girl",71,"pig",5,0,100,1.81,3.67,3.84
"552","6","girl",71,"raccoon",1,1.24,47,2.04,4.13,6.79
"553","6","girl",71,"snake",4,0.21,97,2.33,2.53,5.1
"554","6","girl",71,"turtle",1,0,100,2.73,3.33,4.17
"555","6","girl",71,"zebra",4,0,97,2.38,4.17,4.79
"556","6","girl",72,"cat",6,0,100,3,3.8,3.68
"557","6","girl",72,"dog",6,0,100,3.47,3.8,2.8
"558","6","girl",72,"duck",6,0.42,93,2.67,3.6,3.5
"559","6","girl",72,"elephant",6,0,100,2.93,4,4.8
"560","6","girl",72,"fish",6,0,100,2.93,3.13,4.05
"561","6","girl",72,"gorilla",4,1.18,70,2.47,4.13,5.74
"562","6","girl",72,"leopard",1,2.19,30,2.15,3.77,6.84
"563","6","girl",72,"lobster",5,1.12,53,2.08,4.62,7.44
"564","6","girl",72,"owl",6,0.22,93,1.83,4.03,6.21
"565","6","girl",72,"penguin",6,0,93,2.86,3.71,5.68
"566","6","girl",72,"pig",5,0,100,1.81,3.67,3.84
"567","6","girl",72,"raccoon",5,1.24,47,2.04,4.13,6.79
"568","6","girl",72,"snake",6,0.21,97,2.33,2.53,5.1
"569","6","girl",72,"turtle",6,0,100,2.73,3.33,4.17
"570","6","girl",72,"zebra",6,0,97,2.38,4.17,4.79
"571","7","boy",2,"cat",5,0,100,3,3.8,3.68
"572","7","boy",2,"dog",6,0,100,3.47,3.8,2.8
"573","7","boy",2,"duck",4,0.42,93,2.67,3.6,3.5
"574","7","boy",2,"elephant",6,0,100,2.93,4,4.8
"575","7","boy",2,"fish",4,0,100,2.93,3.13,4.05
"576","7","boy",2,"gorilla",3,1.18,70,2.47,4.13,5.74
"577","7","boy",2,"leopard",2,2.19,30,2.15,3.77,6.84
"578","7","boy",2,"lobster",1,1.12,53,2.08,4.62,7.44
"579","7","boy",2,"owl",2,0.22,93,1.83,4.03,6.21
"580","7","boy",2,"penguin",4,0,93,2.86,3.71,5.68
"581","7","boy",2,"pig",4,0,100,1.81,3.67,3.84
"582","7","boy",2,"raccoon",2,1.24,47,2.04,4.13,6.79
"583","7","boy",2,"snake",4,0.21,97,2.33,2.53,5.1
"584","7","boy",2,"turtle",4,0,100,2.73,3.33,4.17
"585","7","boy",2,"zebra",3,0,97,2.38,4.17,4.79
"586","7","boy",8,"cat",5,0,100,3,3.8,3.68
"587","7","boy",8,"dog",5,0,100,3.47,3.8,2.8
"588","7","boy",8,"duck",4,0.42,93,2.67,3.6,3.5
"589","7","boy",8,"elephant",3,0,100,2.93,4,4.8
"590","7","boy",8,"fish",3,0,100,2.93,3.13,4.05
"591","7","boy",8,"gorilla",2,1.18,70,2.47,4.13,5.74
"592","7","boy",8,"leopard",2,2.19,30,2.15,3.77,6.84
"593","7","boy",8,"lobster",2,1.12,53,2.08,4.62,7.44
"594","7","boy",8,"owl",4,0.22,93,1.83,4.03,6.21
"595","7","boy",8,"penguin",1,0,93,2.86,3.71,5.68
"596","7","boy",8,"pig",4,0,100,1.81,3.67,3.84
"597","7","boy",8,"raccoon",2,1.24,47,2.04,4.13,6.79
"598","7","boy",8,"snake",4,0.21,97,2.33,2.53,5.1
"599","7","boy",8,"turtle",4,0,100,2.73,3.33,4.17
"600","7","boy",8,"zebra",2,0,97,2.38,4.17,4.79
"601","7","boy",24,"cat",5,0,100,3,3.8,3.68
"602","7","boy",24,"dog",5,0,100,3.47,3.8,2.8
"603","7","boy",24,"duck",6,0.42,93,2.67,3.6,3.5
"604","7","boy",24,"elephant",5,0,100,2.93,4,4.8
"605","7","boy",24,"fish",6,0,100,2.93,3.13,4.05
"606","7","boy",24,"gorilla",2,1.18,70,2.47,4.13,5.74
"607","7","boy",24,"leopard",2,2.19,30,2.15,3.77,6.84
"608","7","boy",24,"lobster",2,1.12,53,2.08,4.62,7.44
"609","7","boy",24,"owl",4,0.22,93,1.83,4.03,6.21
"610","7","boy",24,"penguin",6,0,93,2.86,3.71,5.68
"611","7","boy",24,"pig",3,0,100,1.81,3.67,3.84
"612","7","boy",24,"raccoon",3,1.24,47,2.04,4.13,6.79
"613","7","boy",24,"snake",6,0.21,97,2.33,2.53,5.1
"614","7","boy",24,"turtle",6,0,100,2.73,3.33,4.17
"615","7","boy",24,"zebra",1,0,97,2.38,4.17,4.79
"616","7","boy",31,"cat",6,0,100,3,3.8,3.68
"617","7","boy",31,"dog",6,0,100,3.47,3.8,2.8
"618","7","boy",31,"duck",5,0.42,93,2.67,3.6,3.5
"619","7","boy",31,"elephant",5,0,100,2.93,4,4.8
"620","7","boy",31,"fish",6,0,100,2.93,3.13,4.05
"621","7","boy",31,"gorilla",2,1.18,70,2.47,4.13,5.74
"622","7","boy",31,"leopard",2,2.19,30,2.15,3.77,6.84
"623","7","boy",31,"lobster",2,1.12,53,2.08,4.62,7.44
"624","7","boy",31,"owl",2,0.22,93,1.83,4.03,6.21
"625","7","boy",31,"penguin",2,0,93,2.86,3.71,5.68
"626","7","boy",31,"pig",6,0,100,1.81,3.67,3.84
"627","7","boy",31,"raccoon",1,1.24,47,2.04,4.13,6.79
"628","7","boy",31,"snake",5,0.21,97,2.33,2.53,5.1
"629","7","boy",31,"turtle",5,0,100,2.73,3.33,4.17
"630","7","boy",31,"zebra",2,0,97,2.38,4.17,4.79
"631","7","girl",7,"cat",5,0,100,3,3.8,3.68
"632","7","girl",7,"dog",5,0,100,3.47,3.8,2.8
"633","7","girl",7,"duck",5,0.42,93,2.67,3.6,3.5
"634","7","girl",7,"elephant",2,0,100,2.93,4,4.8
"635","7","girl",7,"fish",5,0,100,2.93,3.13,4.05
"636","7","girl",7,"gorilla",2,1.18,70,2.47,4.13,5.74
"637","7","girl",7,"leopard",2,2.19,30,2.15,3.77,6.84
"638","7","girl",7,"lobster",2,1.12,53,2.08,4.62,7.44
"639","7","girl",7,"owl",2,0.22,93,1.83,4.03,6.21
"640","7","girl",7,"penguin",2,0,93,2.86,3.71,5.68
"641","7","girl",7,"pig",5,0,100,1.81,3.67,3.84
"642","7","girl",7,"raccoon",2,1.24,47,2.04,4.13,6.79
"643","7","girl",7,"snake",2,0.21,97,2.33,2.53,5.1
"644","7","girl",7,"turtle",2,0,100,2.73,3.33,4.17
"645","7","girl",7,"zebra",2,0,97,2.38,4.17,4.79
"646","7","girl",9,"cat",4,0,100,3,3.8,3.68
"647","7","girl",9,"dog",5,0,100,3.47,3.8,2.8
"648","7","girl",9,"duck",4,0.42,93,2.67,3.6,3.5
"649","7","girl",9,"elephant",4,0,100,2.93,4,4.8
"650","7","girl",9,"fish",4,0,100,2.93,3.13,4.05
"651","7","girl",9,"gorilla",4,1.18,70,2.47,4.13,5.74
"652","7","girl",9,"leopard",3,2.19,30,2.15,3.77,6.84
"653","7","girl",9,"lobster",2,1.12,53,2.08,4.62,7.44
"654","7","girl",9,"owl",4,0.22,93,1.83,4.03,6.21
"655","7","girl",9,"penguin",3,0,93,2.86,3.71,5.68
"656","7","girl",9,"pig",4,0,100,1.81,3.67,3.84
"657","7","girl",9,"raccoon",2,1.24,47,2.04,4.13,6.79
"658","7","girl",9,"snake",3,0.21,97,2.33,2.53,5.1
"659","7","girl",9,"turtle",3,0,100,2.73,3.33,4.17
"660","7","girl",9,"zebra",3,0,97,2.38,4.17,4.79
"661","7","girl",12,"cat",3,0,100,3,3.8,3.68
"662","7","girl",12,"dog",6,0,100,3.47,3.8,2.8
"663","7","girl",12,"duck",6,0.42,93,2.67,3.6,3.5
"664","7","girl",12,"elephant",1,0,100,2.93,4,4.8
"665","7","girl",12,"fish",6,0,100,2.93,3.13,4.05
"666","7","girl",12,"gorilla",1,1.18,70,2.47,4.13,5.74
"667","7","girl",12,"leopard",1,2.19,30,2.15,3.77,6.84
"668","7","girl",12,"lobster",1,1.12,53,2.08,4.62,7.44
"669","7","girl",12,"owl",6,0.22,93,1.83,4.03,6.21
"670","7","girl",12,"penguin",1,0,93,2.86,3.71,5.68
"671","7","girl",12,"pig",6,0,100,1.81,3.67,3.84
"672","7","girl",12,"raccoon",1,1.24,47,2.04,4.13,6.79
"673","7","girl",12,"snake",6,0.21,97,2.33,2.53,5.1
"674","7","girl",12,"turtle",3,0,100,2.73,3.33,4.17
"675","7","girl",12,"zebra",5,0,97,2.38,4.17,4.79
"676","7","girl",15,"cat",6,0,100,3,3.8,3.68
"677","7","girl",15,"dog",6,0,100,3.47,3.8,2.8
"678","7","girl",15,"duck",5,0.42,93,2.67,3.6,3.5
"679","7","girl",15,"elephant",3,0,100,2.93,4,4.8
"680","7","girl",15,"fish",5,0,100,2.93,3.13,4.05
"681","7","girl",15,"gorilla",4,1.18,70,2.47,4.13,5.74
"682","7","girl",15,"leopard",2,2.19,30,2.15,3.77,6.84
"683","7","girl",15,"lobster",3,1.12,53,2.08,4.62,7.44
"684","7","girl",15,"owl",2,0.22,93,1.83,4.03,6.21
"685","7","girl",15,"penguin",4,0,93,2.86,3.71,5.68
"686","7","girl",15,"pig",6,0,100,1.81,3.67,3.84
"687","7","girl",15,"raccoon",2,1.24,47,2.04,4.13,6.79
"688","7","girl",15,"snake",4,0.21,97,2.33,2.53,5.1
"689","7","girl",15,"turtle",5,0,100,2.73,3.33,4.17
"690","7","girl",15,"zebra",4,0,97,2.38,4.17,4.79
"691","7","girl",17,"cat",6,0,100,3,3.8,3.68
"692","7","girl",17,"dog",5,0,100,3.47,3.8,2.8
"693","7","girl",17,"duck",2,0.42,93,2.67,3.6,3.5
"694","7","girl",17,"elephant",5,0,100,2.93,4,4.8
"695","7","girl",17,"fish",5,0,100,2.93,3.13,4.05
"696","7","girl",17,"gorilla",3,1.18,70,2.47,4.13,5.74
"697","7","girl",17,"leopard",2,2.19,30,2.15,3.77,6.84
"698","7","girl",17,"lobster",2,1.12,53,2.08,4.62,7.44
"699","7","girl",17,"owl",6,0.22,93,1.83,4.03,6.21
"700","7","girl",17,"penguin",6,0,93,2.86,3.71,5.68
"701","7","girl",17,"pig",6,0,100,1.81,3.67,3.84
"702","7","girl",17,"raccoon",1,1.24,47,2.04,4.13,6.79
"703","7","girl",17,"snake",6,0.21,97,2.33,2.53,5.1
"704","7","girl",17,"turtle",5,0,100,2.73,3.33,4.17
"705","7","girl",17,"zebra",3,0,97,2.38,4.17,4.79
"706","7","girl",19,"cat",6,0,100,3,3.8,3.68
"707","7","girl",19,"dog",6,0,100,3.47,3.8,2.8
"708","7","girl",19,"duck",6,0.42,93,2.67,3.6,3.5
"709","7","girl",19,"elephant",3,0,100,2.93,4,4.8
"710","7","girl",19,"fish",4,0,100,2.93,3.13,4.05
"711","7","girl",19,"gorilla",6,1.18,70,2.47,4.13,5.74
"712","7","girl",19,"leopard",3,2.19,30,2.15,3.77,6.84
"713","7","girl",19,"lobster",4,1.12,53,2.08,4.62,7.44
"714","7","girl",19,"owl",5,0.22,93,1.83,4.03,6.21
"715","7","girl",19,"penguin",2,0,93,2.86,3.71,5.68
"716","7","girl",19,"pig",6,0,100,1.81,3.67,3.84
"717","7","girl",19,"raccoon",2,1.24,47,2.04,4.13,6.79
"718","7","girl",19,"snake",3,0.21,97,2.33,2.53,5.1
"719","7","girl",19,"turtle",2,0,100,2.73,3.33,4.17
"720","7","girl",19,"zebra",2,0,97,2.38,4.17,4.79
"721","7","girl",34,"cat",5,0,100,3,3.8,3.68
"722","7","girl",34,"dog",5,0,100,3.47,3.8,2.8
"723","7","girl",34,"duck",4,0.42,93,2.67,3.6,3.5
"724","7","girl",34,"elephant",5,0,100,2.93,4,4.8
"725","7","girl",34,"fish",5,0,100,2.93,3.13,4.05
"726","7","girl",34,"gorilla",4,1.18,70,2.47,4.13,5.74
"727","7","girl",34,"leopard",2,2.19,30,2.15,3.77,6.84
"728","7","girl",34,"lobster",2,1.12,53,2.08,4.62,7.44
"729","7","girl",34,"owl",4,0.22,93,1.83,4.03,6.21
"730","7","girl",34,"penguin",3,0,93,2.86,3.71,5.68
"731","7","girl",34,"pig",5,0,100,1.81,3.67,3.84
"732","7","girl",34,"raccoon",2,1.24,47,2.04,4.13,6.79
"733","7","girl",34,"snake",3,0.21,97,2.33,2.53,5.1
"734","7","girl",34,"turtle",2,0,100,2.73,3.33,4.17
"735","7","girl",34,"zebra",6,0,97,2.38,4.17,4.79
"736","7","girl",40,"cat",5,0,100,3,3.8,3.68
"737","7","girl",40,"dog",6,0,100,3.47,3.8,2.8
"738","7","girl",40,"duck",6,0.42,93,2.67,3.6,3.5
"739","7","girl",40,"elephant",5,0,100,2.93,4,4.8
"740","7","girl",40,"fish",6,0,100,2.93,3.13,4.05
"741","7","girl",40,"gorilla",2,1.18,70,2.47,4.13,5.74
"742","7","girl",40,"leopard",1,2.19,30,2.15,3.77,6.84
"743","7","girl",40,"lobster",1,1.12,53,2.08,4.62,7.44
"744","7","girl",40,"owl",3,0.22,93,1.83,4.03,6.21
"745","7","girl",40,"penguin",5,0,93,2.86,3.71,5.68
"746","7","girl",40,"pig",6,0,100,1.81,3.67,3.84
"747","7","girl",40,"raccoon",1,1.24,47,2.04,4.13,6.79
"748","7","girl",40,"snake",3,0.21,97,2.33,2.53,5.1
"749","7","girl",40,"turtle",5,0,100,2.73,3.33,4.17
"750","7","girl",40,"zebra",5,0,97,2.38,4.17,4.79
"751","8","boy",5,"cat",6,0,100,3,3.8,3.68
"752","8","boy",5,"dog",6,0,100,3.47,3.8,2.8
"753","8","boy",5,"duck",4,0.42,93,2.67,3.6,3.5
"754","8","boy",5,"elephant",3,0,100,2.93,4,4.8
"755","8","boy",5,"fish",5,0,100,2.93,3.13,4.05
"756","8","boy",5,"gorilla",1,1.18,70,2.47,4.13,5.74
"757","8","boy",5,"leopard",1,2.19,30,2.15,3.77,6.84
"758","8","boy",5,"lobster",2,1.12,53,2.08,4.62,7.44
"759","8","boy",5,"owl",2,0.22,93,1.83,4.03,6.21
"760","8","boy",5,"penguin",2,0,93,2.86,3.71,5.68
"761","8","boy",5,"pig",6,0,100,1.81,3.67,3.84
"762","8","boy",5,"raccoon",4,1.24,47,2.04,4.13,6.79
"763","8","boy",5,"snake",1,0.21,97,2.33,2.53,5.1
"764","8","boy",5,"turtle",2,0,100,2.73,3.33,4.17
"765","8","boy",5,"zebra",3,0,97,2.38,4.17,4.79
"766","8","boy",10,"cat",6,0,100,3,3.8,3.68
"767","8","boy",10,"dog",6,0,100,3.47,3.8,2.8
"768","8","boy",10,"duck",5,0.42,93,2.67,3.6,3.5
"769","8","boy",10,"elephant",1,0,100,2.93,4,4.8
"770","8","boy",10,"fish",6,0,100,2.93,3.13,4.05
"771","8","boy",10,"gorilla",1,1.18,70,2.47,4.13,5.74
"772","8","boy",10,"leopard",1,2.19,30,2.15,3.77,6.84
"773","8","boy",10,"lobster",1,1.12,53,2.08,4.62,7.44
"774","8","boy",10,"owl",6,0.22,93,1.83,4.03,6.21
"775","8","boy",10,"penguin",2,0,93,2.86,3.71,5.68
"776","8","boy",10,"pig",5,0,100,1.81,3.67,3.84
"777","8","boy",10,"raccoon",2,1.24,47,2.04,4.13,6.79
"778","8","boy",10,"snake",2,0.21,97,2.33,2.53,5.1
"779","8","boy",10,"turtle",5,0,100,2.73,3.33,4.17
"780","8","boy",10,"zebra",2,0,97,2.38,4.17,4.79
"781","8","boy",22,"cat",6,0,100,3,3.8,3.68
"782","8","boy",22,"dog",6,0,100,3.47,3.8,2.8
"783","8","boy",22,"duck",2,0.42,93,2.67,3.6,3.5
"784","8","boy",22,"elephant",3,0,100,2.93,4,4.8
"785","8","boy",22,"fish",3,0,100,2.93,3.13,4.05
"786","8","boy",22,"gorilla",6,1.18,70,2.47,4.13,5.74
"787","8","boy",22,"leopard",2,2.19,30,2.15,3.77,6.84
"788","8","boy",22,"lobster",1,1.12,53,2.08,4.62,7.44
"789","8","boy",22,"owl",2,0.22,93,1.83,4.03,6.21
"790","8","boy",22,"penguin",3,0,93,2.86,3.71,5.68
"791","8","boy",22,"pig",3,0,100,1.81,3.67,3.84
"792","8","boy",22,"raccoon",2,1.24,47,2.04,4.13,6.79
"793","8","boy",22,"snake",5,0.21,97,2.33,2.53,5.1
"794","8","boy",22,"turtle",6,0,100,2.73,3.33,4.17
"795","8","boy",22,"zebra",2,0,97,2.38,4.17,4.79
"796","8","boy",36,"cat",6,0,100,3,3.8,3.68
"797","8","boy",36,"dog",6,0,100,3.47,3.8,2.8
"798","8","boy",36,"duck",4,0.42,93,2.67,3.6,3.5
"799","8","boy",36,"elephant",1,0,100,2.93,4,4.8
"800","8","boy",36,"fish",1,0,100,2.93,3.13,4.05
"801","8","boy",36,"gorilla",1,1.18,70,2.47,4.13,5.74
"802","8","boy",36,"leopard",1,2.19,30,2.15,3.77,6.84
"803","8","boy",36,"lobster",4,1.12,53,2.08,4.62,7.44
"804","8","boy",36,"owl",1,0.22,93,1.83,4.03,6.21
"805","8","boy",36,"penguin",1,0,93,2.86,3.71,5.68
"806","8","boy",36,"pig",1,0,100,1.81,3.67,3.84
"807","8","boy",36,"raccoon",1,1.24,47,2.04,4.13,6.79
"808","8","boy",36,"snake",1,0.21,97,2.33,2.53,5.1
"809","8","boy",36,"turtle",1,0,100,2.73,3.33,4.17
"810","8","boy",36,"zebra",1,0,97,2.38,4.17,4.79
"811","8","boy",47,"cat",6,0,100,3,3.8,3.68
"812","8","boy",47,"dog",6,0,100,3.47,3.8,2.8
"813","8","boy",47,"duck",6,0.42,93,2.67,3.6,3.5
"814","8","boy",47,"elephant",1,0,100,2.93,4,4.8
"815","8","boy",47,"fish",6,0,100,2.93,3.13,4.05
"816","8","boy",47,"gorilla",1,1.18,70,2.47,4.13,5.74
"817","8","boy",47,"leopard",2,2.19,30,2.15,3.77,6.84
"818","8","boy",47,"lobster",1,1.12,53,2.08,4.62,7.44
"819","8","boy",47,"owl",6,0.22,93,1.83,4.03,6.21
"820","8","boy",47,"penguin",1,0,93,2.86,3.71,5.68
"821","8","boy",47,"pig",3,0,100,1.81,3.67,3.84
"822","8","boy",47,"raccoon",1,1.24,47,2.04,4.13,6.79
"823","8","boy",47,"snake",4,0.21,97,2.33,2.53,5.1
"824","8","boy",47,"turtle",1,0,100,2.73,3.33,4.17
"825","8","boy",47,"zebra",6,0,97,2.38,4.17,4.79
"826","8","boy",51,"cat",6,0,100,3,3.8,3.68
"827","8","boy",51,"dog",6,0,100,3.47,3.8,2.8
"828","8","boy",51,"duck",5,0.42,93,2.67,3.6,3.5
"829","8","boy",51,"elephant",1,0,100,2.93,4,4.8
"830","8","boy",51,"fish",6,0,100,2.93,3.13,4.05
"831","8","boy",51,"gorilla",1,1.18,70,2.47,4.13,5.74
"832","8","boy",51,"leopard",1,2.19,30,2.15,3.77,6.84
"833","8","boy",51,"lobster",1,1.12,53,2.08,4.62,7.44
"834","8","boy",51,"owl",6,0.22,93,1.83,4.03,6.21
"835","8","boy",51,"penguin",1,0,93,2.86,3.71,5.68
"836","8","boy",51,"pig",6,0,100,1.81,3.67,3.84
"837","8","boy",51,"raccoon",1,1.24,47,2.04,4.13,6.79
"838","8","boy",51,"snake",1,0.21,97,2.33,2.53,5.1
"839","8","boy",51,"turtle",1,0,100,2.73,3.33,4.17
"840","8","boy",51,"zebra",1,0,97,2.38,4.17,4.79
"841","8","boy",52,"cat",5,0,100,3,3.8,3.68
"842","8","boy",52,"dog",6,0,100,3.47,3.8,2.8
"843","8","boy",52,"duck",5,0.42,93,2.67,3.6,3.5
"844","8","boy",52,"elephant",3,0,100,2.93,4,4.8
"845","8","boy",52,"fish",5,0,100,2.93,3.13,4.05
"846","8","boy",52,"gorilla",2,1.18,70,2.47,4.13,5.74
"847","8","boy",52,"leopard",1,2.19,30,2.15,3.77,6.84
"848","8","boy",52,"lobster",1,1.12,53,2.08,4.62,7.44
"849","8","boy",52,"owl",2,0.22,93,1.83,4.03,6.21
"850","8","boy",52,"penguin",2,0,93,2.86,3.71,5.68
"851","8","boy",52,"pig",5,0,100,1.81,3.67,3.84
"852","8","boy",52,"raccoon",2,1.24,47,2.04,4.13,6.79
"853","8","boy",52,"snake",5,0.21,97,2.33,2.53,5.1
"854","8","boy",52,"turtle",3,0,100,2.73,3.33,4.17
"855","8","boy",52,"zebra",4,0,97,2.38,4.17,4.79
"856","8","boy",67,"cat",6,0,100,3,3.8,3.68
"857","8","boy",67,"dog",6,0,100,3.47,3.8,2.8
"858","8","boy",67,"duck",6,0.42,93,2.67,3.6,3.5
"859","8","boy",67,"elephant",6,0,100,2.93,4,4.8
"860","8","boy",67,"fish",6,0,100,2.93,3.13,4.05
"861","8","boy",67,"gorilla",5,1.18,70,2.47,4.13,5.74
"862","8","boy",67,"leopard",1,2.19,30,2.15,3.77,6.84
"863","8","boy",67,"lobster",1,1.12,53,2.08,4.62,7.44
"864","8","boy",67,"owl",6,0.22,93,1.83,4.03,6.21
"865","8","boy",67,"penguin",4,0,93,2.86,3.71,5.68
"866","8","boy",67,"pig",5,0,100,1.81,3.67,3.84
"867","8","boy",67,"raccoon",2,1.24,47,2.04,4.13,6.79
"868","8","boy",67,"snake",6,0.21,97,2.33,2.53,5.1
"869","8","boy",67,"turtle",6,0,100,2.73,3.33,4.17
"870","8","boy",67,"zebra",2,0,97,2.38,4.17,4.79
"871","8","girl",3,"cat",6,0,100,3,3.8,3.68
"872","8","girl",3,"dog",5,0,100,3.47,3.8,2.8
"873","8","girl",3,"duck",6,0.42,93,2.67,3.6,3.5
"874","8","girl",3,"elephant",5,0,100,2.93,4,4.8
"875","8","girl",3,"fish",2,0,100,2.93,3.13,4.05
"876","8","girl",3,"gorilla",2,1.18,70,2.47,4.13,5.74
"877","8","girl",3,"leopard",1,2.19,30,2.15,3.77,6.84
"878","8","girl",3,"lobster",5,1.12,53,2.08,4.62,7.44
"879","8","girl",3,"owl",1,0.22,93,1.83,4.03,6.21
"880","8","girl",3,"penguin",5,0,93,2.86,3.71,5.68
"881","8","girl",3,"pig",2,0,100,1.81,3.67,3.84
"882","8","girl",3,"raccoon",4,1.24,47,2.04,4.13,6.79
"883","8","girl",3,"snake",1,0.21,97,2.33,2.53,5.1
"884","8","girl",3,"turtle",3,0,100,2.73,3.33,4.17
"885","8","girl",3,"zebra",5,0,97,2.38,4.17,4.79
"886","8","girl",20,"cat",1,0,100,3,3.8,3.68
"887","8","girl",20,"dog",6,0,100,3.47,3.8,2.8
"888","8","girl",20,"duck",6,0.42,93,2.67,3.6,3.5
"889","8","girl",20,"elephant",1,0,100,2.93,4,4.8
"890","8","girl",20,"fish",1,0,100,2.93,3.13,4.05
"891","8","girl",20,"gorilla",6,1.18,70,2.47,4.13,5.74
"892","8","girl",20,"leopard",1,2.19,30,2.15,3.77,6.84
"893","8","girl",20,"lobster",1,1.12,53,2.08,4.62,7.44
"894","8","girl",20,"owl",1,0.22,93,1.83,4.03,6.21
"895","8","girl",20,"penguin",1,0,93,2.86,3.71,5.68
"896","8","girl",20,"pig",6,0,100,1.81,3.67,3.84
"897","8","girl",20,"raccoon",1,1.24,47,2.04,4.13,6.79
"898","8","girl",20,"snake",1,0.21,97,2.33,2.53,5.1
"899","8","girl",20,"turtle",6,0,100,2.73,3.33,4.17
"900","8","girl",20,"zebra",1,0,97,2.38,4.17,4.79
"901","8","girl",27,"cat",6,0,100,3,3.8,3.68
"902","8","girl",27,"dog",6,0,100,3.47,3.8,2.8
"903","8","girl",27,"duck",6,0.42,93,2.67,3.6,3.5
"904","8","girl",27,"elephant",5,0,100,2.93,4,4.8
"905","8","girl",27,"fish",6,0,100,2.93,3.13,4.05
"906","8","girl",27,"gorilla",1,1.18,70,2.47,4.13,5.74
"907","8","girl",27,"leopard",2,2.19,30,2.15,3.77,6.84
"908","8","girl",27,"lobster",1,1.12,53,2.08,4.62,7.44
"909","8","girl",27,"owl",1,0.22,93,1.83,4.03,6.21
"910","8","girl",27,"penguin",5,0,93,2.86,3.71,5.68
"911","8","girl",27,"pig",6,0,100,1.81,3.67,3.84
"912","8","girl",27,"raccoon",1,1.24,47,2.04,4.13,6.79
"913","8","girl",27,"snake",5,0.21,97,2.33,2.53,5.1
"914","8","girl",27,"turtle",6,0,100,2.73,3.33,4.17
"915","8","girl",27,"zebra",2,0,97,2.38,4.17,4.79
"916","8","girl",46,"cat",5,0,100,3,3.8,3.68
"917","8","girl",46,"dog",6,0,100,3.47,3.8,2.8
"918","8","girl",46,"duck",6,0.42,93,2.67,3.6,3.5
"919","8","girl",46,"elephant",2,0,100,2.93,4,4.8
"920","8","girl",46,"fish",6,0,100,2.93,3.13,4.05
"921","8","girl",46,"gorilla",2,1.18,70,2.47,4.13,5.74
"922","8","girl",46,"leopard",1,2.19,30,2.15,3.77,6.84
"923","8","girl",46,"lobster",2,1.12,53,2.08,4.62,7.44
"924","8","girl",46,"owl",3,0.22,93,1.83,4.03,6.21
"925","8","girl",46,"penguin",2,0,93,2.86,3.71,5.68
"926","8","girl",46,"pig",4,0,100,1.81,3.67,3.84
"927","8","girl",46,"raccoon",1,1.24,47,2.04,4.13,6.79
"928","8","girl",46,"snake",3,0.21,97,2.33,2.53,5.1
"929","8","girl",46,"turtle",2,0,100,2.73,3.33,4.17
"930","8","girl",46,"zebra",2,0,97,2.38,4.17,4.79
"931","8","girl",53,"cat",5,0,100,3,3.8,3.68
"932","8","girl",53,"dog",6,0,100,3.47,3.8,2.8
"933","8","girl",53,"duck",5,0.42,93,2.67,3.6,3.5
"934","8","girl",53,"elephant",2,0,100,2.93,4,4.8
"935","8","girl",53,"fish",4,0,100,2.93,3.13,4.05
"936","8","girl",53,"gorilla",1,1.18,70,2.47,4.13,5.74
"937","8","girl",53,"leopard",1,2.19,30,2.15,3.77,6.84
"938","8","girl",53,"lobster",2,1.12,53,2.08,4.62,7.44
"939","8","girl",53,"owl",4,0.22,93,1.83,4.03,6.21
"940","8","girl",53,"penguin",2,0,93,2.86,3.71,5.68
"941","8","girl",53,"pig",3,0,100,1.81,3.67,3.84
"942","8","girl",53,"raccoon",1,1.24,47,2.04,4.13,6.79
"943","8","girl",53,"snake",5,0.21,97,2.33,2.53,5.1
"944","8","girl",53,"turtle",2,0,100,2.73,3.33,4.17
"945","8","girl",53,"zebra",2,0,97,2.38,4.17,4.79
"946","8","girl",65,"cat",6,0,100,3,3.8,3.68
"947","8","girl",65,"dog",6,0,100,3.47,3.8,2.8
"948","8","girl",65,"duck",6,0.42,93,2.67,3.6,3.5
"949","8","girl",65,"elephant",2,0,100,2.93,4,4.8
"950","8","girl",65,"fish",6,0,100,2.93,3.13,4.05
"951","8","girl",65,"gorilla",2,1.18,70,2.47,4.13,5.74
"952","8","girl",65,"leopard",1,2.19,30,2.15,3.77,6.84
"953","8","girl",65,"lobster",1,1.12,53,2.08,4.62,7.44
"954","8","girl",65,"owl",2,0.22,93,1.83,4.03,6.21
"955","8","girl",65,"penguin",2,0,93,2.86,3.71,5.68
"956","8","girl",65,"pig",6,0,100,1.81,3.67,3.84
"957","8","girl",65,"raccoon",1,1.24,47,2.04,4.13,6.79
"958","8","girl",65,"snake",2,0.21,97,2.33,2.53,5.1
"959","8","girl",65,"turtle",5,0,100,2.73,3.33,4.17
"960","8","girl",65,"zebra",2,0,97,2.38,4.17,4.79
"961","8","girl",68,"cat",6,0,100,3,3.8,3.68
"962","8","girl",68,"dog",6,0,100,3.47,3.8,2.8
"963","8","girl",68,"duck",6,0.42,93,2.67,3.6,3.5
"964","8","girl",68,"elephant",5,0,100,2.93,4,4.8
"965","8","girl",68,"fish",5,0,100,2.93,3.13,4.05
"966","8","girl",68,"gorilla",3,1.18,70,2.47,4.13,5.74
"967","8","girl",68,"leopard",2,2.19,30,2.15,3.77,6.84
"968","8","girl",68,"lobster",1,1.12,53,2.08,4.62,7.44
"969","8","girl",68,"owl",5,0.22,93,1.83,4.03,6.21
"970","8","girl",68,"penguin",3,0,93,2.86,3.71,5.68
"971","8","girl",68,"pig",4,0,100,1.81,3.67,3.84
"972","8","girl",68,"raccoon",2,1.24,47,2.04,4.13,6.79
"973","8","girl",68,"snake",5,0.21,97,2.33,2.53,5.1
"974","8","girl",68,"turtle",4,0,100,2.73,3.33,4.17
"975","8","girl",68,"zebra",3,0,97,2.38,4.17,4.79
"976","adult",NA,7,"cat",6,0,100,3,3.8,3.68
"977","adult",NA,7,"dog",6,0,100,3.47,3.8,2.8
"978","adult",NA,7,"duck",5,0.42,93,2.67,3.6,3.5
"979","adult",NA,7,"elephant",4,0,100,2.93,4,4.8
"980","adult",NA,7,"fish",6,0,100,2.93,3.13,4.05
"981","adult",NA,7,"gorilla",5,1.18,70,2.47,4.13,5.74
"982","adult",NA,7,"leopard",5,2.19,30,2.15,3.77,6.84
"983","adult",NA,7,"lobster",5,1.12,53,2.08,4.62,7.44
"984","adult",NA,7,"owl",4,0.22,93,1.83,4.03,6.21
"985","adult",NA,7,"penguin",4,0,93,2.86,3.71,5.68
"986","adult",NA,7,"pig",5,0,100,1.81,3.67,3.84
"987","adult",NA,7,"raccoon",4,1.24,47,2.04,4.13,6.79
"988","adult",NA,7,"snake",6,0.21,97,2.33,2.53,5.1
"989","adult",NA,7,"turtle",5,0,100,2.73,3.33,4.17
"990","adult",NA,7,"zebra",4,0,97,2.38,4.17,4.79
"991","adult",NA,8,"cat",6,0,100,3,3.8,3.68
"992","adult",NA,8,"dog",6,0,100,3.47,3.8,2.8
"993","adult",NA,8,"duck",6,0.42,93,2.67,3.6,3.5
"994","adult",NA,8,"elephant",6,0,100,2.93,4,4.8
"995","adult",NA,8,"fish",6,0,100,2.93,3.13,4.05
"996","adult",NA,8,"gorilla",6,1.18,70,2.47,4.13,5.74
"997","adult",NA,8,"leopard",4,2.19,30,2.15,3.77,6.84
"998","adult",NA,8,"lobster",2,1.12,53,2.08,4.62,7.44
"999","adult",NA,8,"owl",5,0.22,93,1.83,4.03,6.21
"1000","adult",NA,8,"penguin",2,0,93,2.86,3.71,5.68
"1001","adult",NA,8,"pig",5,0,100,1.81,3.67,3.84
"1002","adult",NA,8,"raccoon",2,1.24,47,2.04,4.13,6.79
"1003","adult",NA,8,"snake",3,0.21,97,2.33,2.53,5.1
"1004","adult",NA,8,"turtle",6,0,100,2.73,3.33,4.17
"1005","adult",NA,8,"zebra",4,0,97,2.38,4.17,4.79
"1006","adult",NA,9,"cat",5,0,100,3,3.8,3.68
"1007","adult",NA,9,"dog",6,0,100,3.47,3.8,2.8
"1008","adult",NA,9,"duck",4,0.42,93,2.67,3.6,3.5
"1009","adult",NA,9,"elephant",4,0,100,2.93,4,4.8
"1010","adult",NA,9,"fish",4,0,100,2.93,3.13,4.05
"1011","adult",NA,9,"gorilla",2,1.18,70,2.47,4.13,5.74
"1012","adult",NA,9,"leopard",2,2.19,30,2.15,3.77,6.84
"1013","adult",NA,9,"lobster",1,1.12,53,2.08,4.62,7.44
"1014","adult",NA,9,"owl",3,0.22,93,1.83,4.03,6.21
"1015","adult",NA,9,"penguin",3,0,93,2.86,3.71,5.68
"1016","adult",NA,9,"pig",5,0,100,1.81,3.67,3.84
"1017","adult",NA,9,"raccoon",3,1.24,47,2.04,4.13,6.79
"1018","adult",NA,9,"snake",4,0.21,97,2.33,2.53,5.1
"1019","adult",NA,9,"turtle",3,0,100,2.73,3.33,4.17
"1020","adult",NA,9,"zebra",3,0,97,2.38,4.17,4.79
"1021","adult",NA,10,"cat",6,0,100,3,3.8,3.68
"1022","adult",NA,10,"dog",6,0,100,3.47,3.8,2.8
"1023","adult",NA,10,"duck",6,0.42,93,2.67,3.6,3.5
"1024","adult",NA,10,"elephant",4,0,100,2.93,4,4.8
"1025","adult",NA,10,"fish",6,0,100,2.93,3.13,4.05
"1026","adult",NA,10,"gorilla",3,1.18,70,2.47,4.13,5.74
"1027","adult",NA,10,"leopard",3,2.19,30,2.15,3.77,6.84
"1028","adult",NA,10,"lobster",3,1.12,53,2.08,4.62,7.44
"1029","adult",NA,10,"owl",3,0.22,93,1.83,4.03,6.21
"1030","adult",NA,10,"penguin",3,0,93,2.86,3.71,5.68
"1031","adult",NA,10,"pig",6,0,100,1.81,3.67,3.84
"1032","adult",NA,10,"raccoon",3,1.24,47,2.04,4.13,6.79
"1033","adult",NA,10,"snake",5,0.21,97,2.33,2.53,5.1
"1034","adult",NA,10,"turtle",4,0,100,2.73,3.33,4.17
"1035","adult",NA,10,"zebra",4,0,97,2.38,4.17,4.79
"1036","adult",NA,11,"cat",6,0,100,3,3.8,3.68
"1037","adult",NA,11,"dog",6,0,100,3.47,3.8,2.8
"1038","adult",NA,11,"duck",6,0.42,93,2.67,3.6,3.5
"1039","adult",NA,11,"elephant",6,0,100,2.93,4,4.8
"1040","adult",NA,11,"fish",5,0,100,2.93,3.13,4.05
"1041","adult",NA,11,"gorilla",5,1.18,70,2.47,4.13,5.74
"1042","adult",NA,11,"leopard",4,2.19,30,2.15,3.77,6.84
"1043","adult",NA,11,"lobster",5,1.12,53,2.08,4.62,7.44
"1044","adult",NA,11,"owl",4,0.22,93,1.83,4.03,6.21
"1045","adult",NA,11,"penguin",6,0,93,2.86,3.71,5.68
"1046","adult",NA,11,"pig",6,0,100,1.81,3.67,3.84
"1047","adult",NA,11,"raccoon",6,1.24,47,2.04,4.13,6.79
"1048","adult",NA,11,"snake",6,0.21,97,2.33,2.53,5.1
"1049","adult",NA,11,"turtle",5,0,100,2.73,3.33,4.17
"1050","adult",NA,11,"zebra",5,0,97,2.38,4.17,4.79
"1051","adult",NA,12,"cat",6,0,100,3,3.8,3.68
"1052","adult",NA,12,"dog",6,0,100,3.47,3.8,2.8
"1053","adult",NA,12,"duck",5,0.42,93,2.67,3.6,3.5
"1054","adult",NA,12,"elephant",4,0,100,2.93,4,4.8
"1055","adult",NA,12,"fish",6,0,100,2.93,3.13,4.05
"1056","adult",NA,12,"gorilla",4,1.18,70,2.47,4.13,5.74
"1057","adult",NA,12,"leopard",2,2.19,30,2.15,3.77,6.84
"1058","adult",NA,12,"lobster",3,1.12,53,2.08,4.62,7.44
"1059","adult",NA,12,"owl",4,0.22,93,1.83,4.03,6.21
"1060","adult",NA,12,"penguin",3,0,93,2.86,3.71,5.68
"1061","adult",NA,12,"pig",5,0,100,1.81,3.67,3.84
"1062","adult",NA,12,"raccoon",3,1.24,47,2.04,4.13,6.79
"1063","adult",NA,12,"snake",4,0.21,97,2.33,2.53,5.1
"1064","adult",NA,12,"turtle",4,0,100,2.73,3.33,4.17
"1065","adult",NA,12,"zebra",4,0,97,2.38,4.17,4.79
"1066","adult",NA,13,"cat",5,0,100,3,3.8,3.68
"1067","adult",NA,13,"dog",6,0,100,3.47,3.8,2.8
"1068","adult",NA,13,"duck",5,0.42,93,2.67,3.6,3.5
"1069","adult",NA,13,"elephant",4,0,100,2.93,4,4.8
"1070","adult",NA,13,"fish",4,0,100,2.93,3.13,4.05
"1071","adult",NA,13,"gorilla",2,1.18,70,2.47,4.13,5.74
"1072","adult",NA,13,"leopard",1,2.19,30,2.15,3.77,6.84
"1073","adult",NA,13,"lobster",1,1.12,53,2.08,4.62,7.44
"1074","adult",NA,13,"owl",1,0.22,93,1.83,4.03,6.21
"1075","adult",NA,13,"penguin",2,0,93,2.86,3.71,5.68
"1076","adult",NA,13,"pig",4,0,100,1.81,3.67,3.84
"1077","adult",NA,13,"raccoon",1,1.24,47,2.04,4.13,6.79
"1078","adult",NA,13,"snake",4,0.21,97,2.33,2.53,5.1
"1079","adult",NA,13,"turtle",1,0,100,2.73,3.33,4.17
"1080","adult",NA,13,"zebra",2,0,97,2.38,4.17,4.79
"1081","adult",NA,14,"cat",6,0,100,3,3.8,3.68
"1082","adult",NA,14,"dog",6,0,100,3.47,3.8,2.8
"1083","adult",NA,14,"duck",4,0.42,93,2.67,3.6,3.5
"1084","adult",NA,14,"elephant",4,0,100,2.93,4,4.8
"1085","adult",NA,14,"fish",4,0,100,2.93,3.13,4.05
"1086","adult",NA,14,"gorilla",4,1.18,70,2.47,4.13,5.74
"1087","adult",NA,14,"leopard",2,2.19,30,2.15,3.77,6.84
"1088","adult",NA,14,"lobster",2,1.12,53,2.08,4.62,7.44
"1089","adult",NA,14,"owl",4,0.22,93,1.83,4.03,6.21
"1090","adult",NA,14,"penguin",3,0,93,2.86,3.71,5.68
"1091","adult",NA,14,"pig",5,0,100,1.81,3.67,3.84
"1092","adult",NA,14,"raccoon",2,1.24,47,2.04,4.13,6.79
"1093","adult",NA,14,"snake",4,0.21,97,2.33,2.53,5.1
"1094","adult",NA,14,"turtle",4,0,100,2.73,3.33,4.17
"1095","adult",NA,14,"zebra",3,0,97,2.38,4.17,4.79
"1096","adult",NA,15,"cat",5,0,100,3,3.8,3.68
"1097","adult",NA,15,"dog",4,0,100,3.47,3.8,2.8
"1098","adult",NA,15,"duck",4,0.42,93,2.67,3.6,3.5
"1099","adult",NA,15,"elephant",2,0,100,2.93,4,4.8
"1100","adult",NA,15,"fish",5,0,100,2.93,3.13,4.05
"1101","adult",NA,15,"gorilla",4,1.18,70,2.47,4.13,5.74
"1102","adult",NA,15,"leopard",5,2.19,30,2.15,3.77,6.84
"1103","adult",NA,15,"lobster",4,1.12,53,2.08,4.62,7.44
"1104","adult",NA,15,"owl",5,0.22,93,1.83,4.03,6.21
"1105","adult",NA,15,"penguin",5,0,93,2.86,3.71,5.68
"1106","adult",NA,15,"pig",2,0,100,1.81,3.67,3.84
"1107","adult",NA,15,"raccoon",3,1.24,47,2.04,4.13,6.79
"1108","adult",NA,15,"snake",5,0.21,97,2.33,2.53,5.1
"1109","adult",NA,15,"turtle",4,0,100,2.73,3.33,4.17
"1110","adult",NA,15,"zebra",4,0,97,2.38,4.17,4.79
"1111","adult",NA,16,"cat",6,0,100,3,3.8,3.68
"1112","adult",NA,16,"dog",6,0,100,3.47,3.8,2.8
"1113","adult",NA,16,"duck",4,0.42,93,2.67,3.6,3.5
"1114","adult",NA,16,"elephant",4,0,100,2.93,4,4.8
"1115","adult",NA,16,"fish",6,0,100,2.93,3.13,4.05
"1116","adult",NA,16,"gorilla",2,1.18,70,2.47,4.13,5.74
"1117","adult",NA,16,"leopard",2,2.19,30,2.15,3.77,6.84
"1118","adult",NA,16,"lobster",2,1.12,53,2.08,4.62,7.44
"1119","adult",NA,16,"owl",3,0.22,93,1.83,4.03,6.21
"1120","adult",NA,16,"penguin",3,0,93,2.86,3.71,5.68
"1121","adult",NA,16,"pig",5,0,100,1.81,3.67,3.84
"1122","adult",NA,16,"raccoon",4,1.24,47,2.04,4.13,6.79
"1123","adult",NA,16,"snake",5,0.21,97,2.33,2.53,5.1
"1124","adult",NA,16,"turtle",4,0,100,2.73,3.33,4.17
"1125","adult",NA,16,"zebra",4,0,97,2.38,4.17,4.79
"1126","adult",NA,17,"cat",5,0,100,3,3.8,3.68
"1127","adult",NA,17,"dog",6,0,100,3.47,3.8,2.8
"1128","adult",NA,17,"duck",5,0.42,93,2.67,3.6,3.5
"1129","adult",NA,17,"elephant",4,0,100,2.93,4,4.8
"1130","adult",NA,17,"fish",4,0,100,2.93,3.13,4.05
"1131","adult",NA,17,"gorilla",3,1.18,70,2.47,4.13,5.74
"1132","adult",NA,17,"leopard",4,2.19,30,2.15,3.77,6.84
"1133","adult",NA,17,"lobster",5,1.12,53,2.08,4.62,7.44
"1134","adult",NA,17,"owl",3,0.22,93,1.83,4.03,6.21
"1135","adult",NA,17,"penguin",6,0,93,2.86,3.71,5.68
"1136","adult",NA,17,"pig",4,0,100,1.81,3.67,3.84
"1137","adult",NA,17,"raccoon",2,1.24,47,2.04,4.13,6.79
"1138","adult",NA,17,"snake",4,0.21,97,2.33,2.53,5.1
"1139","adult",NA,17,"turtle",4,0,100,2.73,3.33,4.17
"1140","adult",NA,17,"zebra",3,0,97,2.38,4.17,4.79
"1141","adult",NA,18,"cat",6,0,100,3,3.8,3.68
"1142","adult",NA,18,"dog",6,0,100,3.47,3.8,2.8
"1143","adult",NA,18,"duck",4,0.42,93,2.67,3.6,3.5
"1144","adult",NA,18,"elephant",4,0,100,2.93,4,4.8
"1145","adult",NA,18,"fish",5,0,100,2.93,3.13,4.05
"1146","adult",NA,18,"gorilla",2,1.18,70,2.47,4.13,5.74
"1147","adult",NA,18,"leopard",2,2.19,30,2.15,3.77,6.84
"1148","adult",NA,18,"lobster",2,1.12,53,2.08,4.62,7.44
"1149","adult",NA,18,"owl",4,0.22,93,1.83,4.03,6.21
"1150","adult",NA,18,"penguin",3,0,93,2.86,3.71,5.68
"1151","adult",NA,18,"pig",4,0,100,1.81,3.67,3.84
"1152","adult",NA,18,"raccoon",4,1.24,47,2.04,4.13,6.79
"1153","adult",NA,18,"snake",5,0.21,97,2.33,2.53,5.1
"1154","adult",NA,18,"turtle",4,0,100,2.73,3.33,4.17
"1155","adult",NA,18,"zebra",2,0,97,2.38,4.17,4.79
"1156","adult",NA,19,"cat",6,0,100,3,3.8,3.68
"1157","adult",NA,19,"dog",4,0,100,3.47,3.8,2.8
"1158","adult",NA,19,"duck",3,0.42,93,2.67,3.6,3.5
"1159","adult",NA,19,"elephant",5,0,100,2.93,4,4.8
"1160","adult",NA,19,"fish",6,0,100,2.93,3.13,4.05
"1161","adult",NA,19,"gorilla",4,1.18,70,2.47,4.13,5.74
"1162","adult",NA,19,"leopard",1,2.19,30,2.15,3.77,6.84
"1163","adult",NA,19,"lobster",1,1.12,53,2.08,4.62,7.44
"1164","adult",NA,19,"owl",1,0.22,93,1.83,4.03,6.21
"1165","adult",NA,19,"penguin",3,0,93,2.86,3.71,5.68
"1166","adult",NA,19,"pig",5,0,100,1.81,3.67,3.84
"1167","adult",NA,19,"raccoon",2,1.24,47,2.04,4.13,6.79
"1168","adult",NA,19,"snake",4,0.21,97,2.33,2.53,5.1
"1169","adult",NA,19,"turtle",5,0,100,2.73,3.33,4.17
"1170","adult",NA,19,"zebra",4,0,97,2.38,4.17,4.79
"1171","adult",NA,20,"cat",6,0,100,3,3.8,3.68
"1172","adult",NA,20,"dog",5,0,100,3.47,3.8,2.8
"1173","adult",NA,20,"duck",5,0.42,93,2.67,3.6,3.5
"1174","adult",NA,20,"elephant",4,0,100,2.93,4,4.8
"1175","adult",NA,20,"fish",5,0,100,2.93,3.13,4.05
"1176","adult",NA,20,"gorilla",3,1.18,70,2.47,4.13,5.74
"1177","adult",NA,20,"leopard",1,2.19,30,2.15,3.77,6.84
"1178","adult",NA,20,"lobster",2,1.12,53,2.08,4.62,7.44
"1179","adult",NA,20,"owl",3,0.22,93,1.83,4.03,6.21
"1180","adult",NA,20,"penguin",3,0,93,2.86,3.71,5.68
"1181","adult",NA,20,"pig",5,0,100,1.81,3.67,3.84
"1182","adult",NA,20,"raccoon",3,1.24,47,2.04,4.13,6.79
"1183","adult",NA,20,"snake",4,0.21,97,2.33,2.53,5.1
"1184","adult",NA,20,"turtle",4,0,100,2.73,3.33,4.17
"1185","adult",NA,20,"zebra",2,0,97,2.38,4.17,4.79
"1186","adult",NA,21,"cat",6,0,100,3,3.8,3.68
"1187","adult",NA,21,"dog",6,0,100,3.47,3.8,2.8
"1188","adult",NA,21,"duck",4,0.42,93,2.67,3.6,3.5
"1189","adult",NA,21,"elephant",4,0,100,2.93,4,4.8
"1190","adult",NA,21,"fish",4,0,100,2.93,3.13,4.05
"1191","adult",NA,21,"gorilla",2,1.18,70,2.47,4.13,5.74
"1192","adult",NA,21,"leopard",3,2.19,30,2.15,3.77,6.84
"1193","adult",NA,21,"lobster",1,1.12,53,2.08,4.62,7.44
"1194","adult",NA,21,"owl",2,0.22,93,1.83,4.03,6.21
"1195","adult",NA,21,"penguin",3,0,93,2.86,3.71,5.68
"1196","adult",NA,21,"pig",6,0,100,1.81,3.67,3.84
"1197","adult",NA,21,"raccoon",1,1.24,47,2.04,4.13,6.79
"1198","adult",NA,21,"snake",4,0.21,97,2.33,2.53,5.1
"1199","adult",NA,21,"turtle",3,0,100,2.73,3.33,4.17
"1200","adult",NA,21,"zebra",2,0,97,2.38,4.17,4.79
"1201","adult",NA,22,"cat",5,0,100,3,3.8,3.68
"1202","adult",NA,22,"dog",4,0,100,3.47,3.8,2.8
"1203","adult",NA,22,"duck",2,0.42,93,2.67,3.6,3.5
"1204","adult",NA,22,"elephant",5,0,100,2.93,4,4.8
"1205","adult",NA,22,"fish",6,0,100,2.93,3.13,4.05
"1206","adult",NA,22,"gorilla",4,1.18,70,2.47,4.13,5.74
"1207","adult",NA,22,"leopard",5,2.19,30,2.15,3.77,6.84
"1208","adult",NA,22,"lobster",1,1.12,53,2.08,4.62,7.44
"1209","adult",NA,22,"owl",3,0.22,93,1.83,4.03,6.21
"1210","adult",NA,22,"penguin",1,0,93,2.86,3.71,5.68
"1211","adult",NA,22,"pig",2,0,100,1.81,3.67,3.84
"1212","adult",NA,22,"raccoon",4,1.24,47,2.04,4.13,6.79
"1213","adult",NA,22,"snake",2,0.21,97,2.33,2.53,5.1
"1214","adult",NA,22,"turtle",1,0,100,2.73,3.33,4.17
"1215","adult",NA,22,"zebra",4,0,97,2.38,4.17,4.79
"1216","adult",NA,23,"cat",6,0,100,3,3.8,3.68
"1217","adult",NA,23,"dog",6,0,100,3.47,3.8,2.8
"1218","adult",NA,23,"duck",5,0.42,93,2.67,3.6,3.5
"1219","adult",NA,23,"elephant",6,0,100,2.93,4,4.8
"1220","adult",NA,23,"fish",6,0,100,2.93,3.13,4.05
"1221","adult",NA,23,"gorilla",5,1.18,70,2.47,4.13,5.74
"1222","adult",NA,23,"leopard",4,2.19,30,2.15,3.77,6.84
"1223","adult",NA,23,"lobster",3,1.12,53,2.08,4.62,7.44
"1224","adult",NA,23,"owl",4,0.22,93,1.83,4.03,6.21
"1225","adult",NA,23,"penguin",4,0,93,2.86,3.71,5.68
"1226","adult",NA,23,"pig",5,0,100,1.81,3.67,3.84
"1227","adult",NA,23,"raccoon",2,1.24,47,2.04,4.13,6.79
"1228","adult",NA,23,"snake",4,0.21,97,2.33,2.53,5.1
"1229","adult",NA,23,"turtle",5,0,100,2.73,3.33,4.17
"1230","adult",NA,23,"zebra",6,0,97,2.38,4.17,4.79
"1231","adult",NA,24,"cat",6,0,100,3,3.8,3.68
"1232","adult",NA,24,"dog",6,0,100,3.47,3.8,2.8
"1233","adult",NA,24,"duck",5,0.42,93,2.67,3.6,3.5
"1234","adult",NA,24,"elephant",5,0,100,2.93,4,4.8
"1235","adult",NA,24,"fish",5,0,100,2.93,3.13,4.05
"1236","adult",NA,24,"gorilla",2,1.18,70,2.47,4.13,5.74
"1237","adult",NA,24,"leopard",5,2.19,30,2.15,3.77,6.84
"1238","adult",NA,24,"lobster",5,1.12,53,2.08,4.62,7.44
"1239","adult",NA,24,"owl",5,0.22,93,1.83,4.03,6.21
"1240","adult",NA,24,"penguin",4,0,93,2.86,3.71,5.68
"1241","adult",NA,24,"pig",3,0,100,1.81,3.67,3.84
"1242","adult",NA,24,"raccoon",3,1.24,47,2.04,4.13,6.79
"1243","adult",NA,24,"snake",5,0.21,97,2.33,2.53,5.1
"1244","adult",NA,24,"turtle",4,0,100,2.73,3.33,4.17
"1245","adult",NA,24,"zebra",5,0,97,2.38,4.17,4.79
"1246","adult",NA,25,"cat",6,0,100,3,3.8,3.68
"1247","adult",NA,25,"dog",6,0,100,3.47,3.8,2.8
"1248","adult",NA,25,"duck",5,0.42,93,2.67,3.6,3.5
"1249","adult",NA,25,"elephant",4,0,100,2.93,4,4.8
"1250","adult",NA,25,"fish",5,0,100,2.93,3.13,4.05
"1251","adult",NA,25,"gorilla",3,1.18,70,2.47,4.13,5.74
"1252","adult",NA,25,"leopard",2,2.19,30,2.15,3.77,6.84
"1253","adult",NA,25,"lobster",1,1.12,53,2.08,4.62,7.44
"1254","adult",NA,25,"owl",4,0.22,93,1.83,4.03,6.21
"1255","adult",NA,25,"penguin",4,0,93,2.86,3.71,5.68
"1256","adult",NA,25,"pig",5,0,100,1.81,3.67,3.84
"1257","adult",NA,25,"raccoon",2,1.24,47,2.04,4.13,6.79
"1258","adult",NA,25,"snake",5,0.21,97,2.33,2.53,5.1
"1259","adult",NA,25,"turtle",5,0,100,2.73,3.33,4.17
"1260","adult",NA,25,"zebra",2,0,97,2.38,4.17,4.79
"1261","adult",NA,26,"cat",6,0,100,3,3.8,3.68
"1262","adult",NA,26,"dog",6,0,100,3.47,3.8,2.8
"1263","adult",NA,26,"duck",6,0.42,93,2.67,3.6,3.5
"1264","adult",NA,26,"elephant",6,0,100,2.93,4,4.8
"1265","adult",NA,26,"fish",6,0,100,2.93,3.13,4.05
"1266","adult",NA,26,"gorilla",4,1.18,70,2.47,4.13,5.74
"1267","adult",NA,26,"leopard",4,2.19,30,2.15,3.77,6.84
"1268","adult",NA,26,"lobster",3,1.12,53,2.08,4.62,7.44
"1269","adult",NA,26,"owl",4,0.22,93,1.83,4.03,6.21
"1270","adult",NA,26,"penguin",5,0,93,2.86,3.71,5.68
"1271","adult",NA,26,"pig",6,0,100,1.81,3.67,3.84
"1272","adult",NA,26,"raccoon",2,1.24,47,2.04,4.13,6.79
"1273","adult",NA,26,"snake",5,0.21,97,2.33,2.53,5.1
"1274","adult",NA,26,"turtle",5,0,100,2.73,3.33,4.17
"1275","adult",NA,26,"zebra",6,0,97,2.38,4.17,4.79
"1276","adult",NA,27,"cat",6,0,100,3,3.8,3.68
"1277","adult",NA,27,"dog",6,0,100,3.47,3.8,2.8
"1278","adult",NA,27,"duck",6,0.42,93,2.67,3.6,3.5
"1279","adult",NA,27,"elephant",6,0,100,2.93,4,4.8
"1280","adult",NA,27,"fish",6,0,100,2.93,3.13,4.05
"1281","adult",NA,27,"gorilla",6,1.18,70,2.47,4.13,5.74
"1282","adult",NA,27,"leopard",4,2.19,30,2.15,3.77,6.84
"1283","adult",NA,27,"lobster",3,1.12,53,2.08,4.62,7.44
"1284","adult",NA,27,"owl",4,0.22,93,1.83,4.03,6.21
"1285","adult",NA,27,"penguin",4,0,93,2.86,3.71,5.68
"1286","adult",NA,27,"pig",6,0,100,1.81,3.67,3.84
"1287","adult",NA,27,"raccoon",3,1.24,47,2.04,4.13,6.79
"1288","adult",NA,27,"snake",5,0.21,97,2.33,2.53,5.1
"1289","adult",NA,27,"turtle",5,0,100,2.73,3.33,4.17
"1290","adult",NA,27,"zebra",4,0,97,2.38,4.17,4.79
"1291","adult",NA,28,"cat",5,0,100,3,3.8,3.68
"1292","adult",NA,28,"dog",5,0,100,3.47,3.8,2.8
"1293","adult",NA,28,"duck",2,0.42,93,2.67,3.6,3.5
"1294","adult",NA,28,"elephant",4,0,100,2.93,4,4.8
"1295","adult",NA,28,"fish",3,0,100,2.93,3.13,4.05
"1296","adult",NA,28,"gorilla",2,1.18,70,2.47,4.13,5.74
"1297","adult",NA,28,"leopard",2,2.19,30,2.15,3.77,6.84
"1298","adult",NA,28,"lobster",5,1.12,53,2.08,4.62,7.44
"1299","adult",NA,28,"owl",5,0.22,93,1.83,4.03,6.21
"1300","adult",NA,28,"penguin",5,0,93,2.86,3.71,5.68
"1301","adult",NA,28,"pig",4,0,100,1.81,3.67,3.84
"1302","adult",NA,28,"raccoon",5,1.24,47,2.04,4.13,6.79
"1303","adult",NA,28,"snake",5,0.21,97,2.33,2.53,5.1
"1304","adult",NA,28,"turtle",5,0,100,2.73,3.33,4.17
"1305","adult",NA,28,"zebra",2,0,97,2.38,4.17,4.79
"1306","adult",NA,29,"cat",6,0,100,3,3.8,3.68
"1307","adult",NA,29,"dog",5,0,100,3.47,3.8,2.8
"1308","adult",NA,29,"duck",5,0.42,93,2.67,3.6,3.5
"1309","adult",NA,29,"elephant",4,0,100,2.93,4,4.8
"1310","adult",NA,29,"fish",5,0,100,2.93,3.13,4.05
"1311","adult",NA,29,"gorilla",5,1.18,70,2.47,4.13,5.74
"1312","adult",NA,29,"leopard",3,2.19,30,2.15,3.77,6.84
"1313","adult",NA,29,"lobster",3,1.12,53,2.08,4.62,7.44
"1314","adult",NA,29,"owl",5,0.22,93,1.83,4.03,6.21
"1315","adult",NA,29,"penguin",5,0,93,2.86,3.71,5.68
"1316","adult",NA,29,"pig",5,0,100,1.81,3.67,3.84
"1317","adult",NA,29,"raccoon",4,1.24,47,2.04,4.13,6.79
"1318","adult",NA,29,"snake",4,0.21,97,2.33,2.53,5.1
"1319","adult",NA,29,"turtle",5,0,100,2.73,3.33,4.17
"1320","adult",NA,29,"zebra",5,0,97,2.38,4.17,4.79
"1321","adult",NA,30,"cat",6,0,100,3,3.8,3.68
"1322","adult",NA,30,"dog",6,0,100,3.47,3.8,2.8
"1323","adult",NA,30,"duck",5,0.42,93,2.67,3.6,3.5
"1324","adult",NA,30,"elephant",4,0,100,2.93,4,4.8
"1325","adult",NA,30,"fish",4,0,100,2.93,3.13,4.05
"1326","adult",NA,30,"gorilla",4,1.18,70,2.47,4.13,5.74
"1327","adult",NA,30,"leopard",2,2.19,30,2.15,3.77,6.84
"1328","adult",NA,30,"lobster",4,1.12,53,2.08,4.62,7.44
"1329","adult",NA,30,"owl",3,0.22,93,1.83,4.03,6.21
"1330","adult",NA,30,"penguin",3,0,93,2.86,3.71,5.68
"1331","adult",NA,30,"pig",5,0,100,1.81,3.67,3.84
"1332","adult",NA,30,"raccoon",3,1.24,47,2.04,4.13,6.79
"1333","adult",NA,30,"snake",5,0.21,97,2.33,2.53,5.1
"1334","adult",NA,30,"turtle",5,0,100,2.73,3.33,4.17
"1335","adult",NA,30,"zebra",4,0,97,2.38,4.17,4.79
"1336","adult",NA,31,"cat",6,0,100,3,3.8,3.68
"1337","adult",NA,31,"dog",6,0,100,3.47,3.8,2.8
"1338","adult",NA,31,"duck",5,0.42,93,2.67,3.6,3.5
"1339","adult",NA,31,"elephant",5,0,100,2.93,4,4.8
"1340","adult",NA,31,"fish",6,0,100,2.93,3.13,4.05
"1341","adult",NA,31,"gorilla",3,1.18,70,2.47,4.13,5.74
"1342","adult",NA,31,"leopard",3,2.19,30,2.15,3.77,6.84
"1343","adult",NA,31,"lobster",2,1.12,53,2.08,4.62,7.44
"1344","adult",NA,31,"owl",4,0.22,93,1.83,4.03,6.21
"1345","adult",NA,31,"penguin",4,0,93,2.86,3.71,5.68
"1346","adult",NA,31,"pig",6,0,100,1.81,3.67,3.84
"1347","adult",NA,31,"raccoon",2,1.24,47,2.04,4.13,6.79
"1348","adult",NA,31,"snake",4,0.21,97,2.33,2.53,5.1
"1349","adult",NA,31,"turtle",4,0,100,2.73,3.33,4.17
"1350","adult",NA,31,"zebra",3,0,97,2.38,4.17,4.79
"1351","adult",NA,32,"cat",6,0,100,3,3.8,3.68
"1352","adult",NA,32,"dog",6,0,100,3.47,3.8,2.8
"1353","adult",NA,32,"duck",6,0.42,93,2.67,3.6,3.5
"1354","adult",NA,32,"elephant",5,0,100,2.93,4,4.8
"1355","adult",NA,32,"fish",4,0,100,2.93,3.13,4.05
"1356","adult",NA,32,"gorilla",2,1.18,70,2.47,4.13,5.74
"1357","adult",NA,32,"leopard",2,2.19,30,2.15,3.77,6.84
"1358","adult",NA,32,"lobster",3,1.12,53,2.08,4.62,7.44
"1359","adult",NA,32,"owl",4,0.22,93,1.83,4.03,6.21
"1360","adult",NA,32,"penguin",5,0,93,2.86,3.71,5.68
"1361","adult",NA,32,"pig",5,0,100,1.81,3.67,3.84
"1362","adult",NA,32,"raccoon",4,1.24,47,2.04,4.13,6.79
"1363","adult",NA,32,"snake",5,0.21,97,2.33,2.53,5.1
"1364","adult",NA,32,"turtle",5,0,100,2.73,3.33,4.17
"1365","adult",NA,32,"zebra",4,0,97,2.38,4.17,4.79
"1366","adult",NA,33,"cat",5,0,100,3,3.8,3.68
"1367","adult",NA,33,"dog",5,0,100,3.47,3.8,2.8
"1368","adult",NA,33,"duck",4,0.42,93,2.67,3.6,3.5
"1369","adult",NA,33,"elephant",5,0,100,2.93,4,4.8
"1370","adult",NA,33,"fish",5,0,100,2.93,3.13,4.05
"1371","adult",NA,33,"gorilla",3,1.18,70,2.47,4.13,5.74
"1372","adult",NA,33,"leopard",1,2.19,30,2.15,3.77,6.84
"1373","adult",NA,33,"lobster",3,1.12,53,2.08,4.62,7.44
"1374","adult",NA,33,"owl",4,0.22,93,1.83,4.03,6.21
"1375","adult",NA,33,"penguin",3,0,93,2.86,3.71,5.68
"1376","adult",NA,33,"pig",4,0,100,1.81,3.67,3.84
"1377","adult",NA,33,"raccoon",3,1.24,47,2.04,4.13,6.79
"1378","adult",NA,33,"snake",5,0.21,97,2.33,2.53,5.1
"1379","adult",NA,33,"turtle",4,0,100,2.73,3.33,4.17
"1380","adult",NA,33,"zebra",3,0,97,2.38,4.17,4.79
"1381","adult",NA,34,"cat",4,0,100,3,3.8,3.68
"1382","adult",NA,34,"dog",5,0,100,3.47,3.8,2.8
"1383","adult",NA,34,"duck",3,0.42,93,2.67,3.6,3.5
"1384","adult",NA,34,"elephant",2,0,100,2.93,4,4.8
"1385","adult",NA,34,"fish",3,0,100,2.93,3.13,4.05
"1386","adult",NA,34,"gorilla",2,1.18,70,2.47,4.13,5.74
"1387","adult",NA,34,"leopard",1,2.19,30,2.15,3.77,6.84
"1388","adult",NA,34,"lobster",1,1.12,53,2.08,4.62,7.44
"1389","adult",NA,34,"owl",1,0.22,93,1.83,4.03,6.21
"1390","adult",NA,34,"penguin",2,0,93,2.86,3.71,5.68
"1391","adult",NA,34,"pig",3,0,100,1.81,3.67,3.84
"1392","adult",NA,34,"raccoon",2,1.24,47,2.04,4.13,6.79
"1393","adult",NA,34,"snake",3,0.21,97,2.33,2.53,5.1
"1394","adult",NA,34,"turtle",4,0,100,2.73,3.33,4.17
"1395","adult",NA,34,"zebra",3,0,97,2.38,4.17,4.79
"1396","adult",NA,35,"cat",6,0,100,3,3.8,3.68
"1397","adult",NA,35,"dog",6,0,100,3.47,3.8,2.8
"1398","adult",NA,35,"duck",5,0.42,93,2.67,3.6,3.5
"1399","adult",NA,35,"elephant",5,0,100,2.93,4,4.8
"1400","adult",NA,35,"fish",4,0,100,2.93,3.13,4.05
"1401","adult",NA,35,"gorilla",6,1.18,70,2.47,4.13,5.74
"1402","adult",NA,35,"leopard",3,2.19,30,2.15,3.77,6.84
"1403","adult",NA,35,"lobster",3,1.12,53,2.08,4.62,7.44
"1404","adult",NA,35,"owl",5,0.22,93,1.83,4.03,6.21
"1405","adult",NA,35,"penguin",3,0,93,2.86,3.71,5.68
"1406","adult",NA,35,"pig",4,0,100,1.81,3.67,3.84
"1407","adult",NA,35,"raccoon",4,1.24,47,2.04,4.13,6.79
"1408","adult",NA,35,"snake",5,0.21,97,2.33,2.53,5.1
"1409","adult",NA,35,"turtle",4,0,100,2.73,3.33,4.17
"1410","adult",NA,35,"zebra",5,0,97,2.38,4.17,4.79
"1411","adult",NA,36,"cat",5,0,100,3,3.8,3.68
"1412","adult",NA,36,"dog",5,0,100,3.47,3.8,2.8
"1413","adult",NA,36,"duck",2,0.42,93,2.67,3.6,3.5
"1414","adult",NA,36,"elephant",1,0,100,2.93,4,4.8
"1415","adult",NA,36,"fish",5,0,100,2.93,3.13,4.05
"1416","adult",NA,36,"gorilla",4,1.18,70,2.47,4.13,5.74
"1417","adult",NA,36,"leopard",1,2.19,30,2.15,3.77,6.84
"1418","adult",NA,36,"lobster",2,1.12,53,2.08,4.62,7.44
"1419","adult",NA,36,"owl",2,0.22,93,1.83,4.03,6.21
"1420","adult",NA,36,"penguin",2,0,93,2.86,3.71,5.68
"1421","adult",NA,36,"pig",4,0,100,1.81,3.67,3.84
"1422","adult",NA,36,"raccoon",1,1.24,47,2.04,4.13,6.79
"1423","adult",NA,36,"snake",3,0.21,97,2.33,2.53,5.1
"1424","adult",NA,36,"turtle",1,0,100,2.73,3.33,4.17
"1425","adult",NA,36,"zebra",4,0,97,2.38,4.17,4.79
